txn_id,date,account_id,counterparty,description,amount,currency
TXN-9170-0002,2025-01-01,ACC-9170,Eastgate Supply Ltd (Shymkent depot),"Motor third-party insurance — Ekibastuz block B, November",-3956336.58,EUR
TXN-9862-0032,2025-01-01,ACC-9862,Ashford Printing Solutions (Kyzylorda station),"Construction all-risk insurance — Zhezkazgan compound, Q1 2024",-3673528.27,USD
TXN-9874-0028,2025-01-01,ACC-9874,Juniper Uniforms Co,Environmental emissions tax — Atyrau terminal 2024,-9478734.56,USD
TXN-J3-0035,2025-01-01,ACC-7603,Ashford Power LP,"Printed marketing collateral run — Astana branch, instalment 2",-7939597.89,USD
TXN-X1-0065,2025-01-01,ACC-7830,Fairfield Leasing Partners Service Centre,Rent overpayment refunded — Uralsk annex 2024,1513012.83,USD
TXN-X2-0033,2025-01-01,ACC-7831,Foxridge Cleaning Co (Zhezkazgan compound),"Interest on export credit line — Turkistan point, period 01 2026",-316200.51,USD
TXN-F3-0023,2025-01-02,ACC-7303,Acme Office Supplies Company,"Telecom leased line — Atyrau terminal, December",-225302.35,USD
TXN-G1-0050,2025-01-03,ACC-7401,Foxridge Waste Systems Associates (Zhezkazgan compound),Office rent — Uralsk annex 2026,-1022094.83,USD
TXN-H2-0042,2025-01-03,ACC-7502,Ashford Logistics LP (Zhezkazgan compound),"Product launch ad campaign — Almaty office, period 03",-424944.44,USD
TXN-S1-0050,2025-01-03,ACC-7001,Ironwood Tax Advisory Inc Holding,Withholding tax remittance — Turkistan point 2024,-6502306.66,USD
TXN-9203-0036,2025-01-04,ACC-9203,Glenwood Office Supplies Services Group,"Broadband telecom invoice — Kyzylorda station, May 2025",-33553136.33,USD
TXN-G3-0041,2025-01-04,ACC-7403,Kingsley Insurance Associates Trading House,"Electricity metering correction credit — Ekibastuz block B, July 2026",5386787.43,USD
TXN-J3-0010,2025-01-04,ACC-7603,Ironwood Supply Associates (Pavlodar block),"Credit facility interest — Taraz site, instalment 1",-406694.17,USD
TXN-J6-0019,2025-01-04,ACC-7606,Foxridge Security Services LLP,Unearned insurance premium return — H1 2024,1371618.29,USD
TXN-X1-0051,2025-01-04,ACC-7830,Eastgate Power Inc (Zhezkazgan compound),Fidelity bond insurance — April 2024,-481626.10,USD
TXN-X2-0046,2025-01-04,ACC-7831,Hartley Uniforms LP Holding (Semey base),Marketing research panel subscription — Semey base,-262461.43,USD
TXN-9699-0006,2025-01-05,ACC-9699,Ironwood Realty Services (Karaganda yard),"Payroll for night shift — Ekibastuz block B, H2",-124558529.23,USD
TXN-B3-0039,2025-01-05,ACC-7203,Glenwood Supply LLC,Water charge adjustment credit — final call,1136446.76,USD
TXN-G2-0015,2025-01-05,ACC-7402,Bridgeport Water Works LP (Taraz site),"Marketing research panel subscription — Pavlodar block, period 02 2025",-355845.70,USD
TXN-H1-0032,2025-01-05,ACC-7501,Cedarville Logistics Co Trading House (Semey base),Electricity overbilling refund — Ekibastuz block B 2026,4704890.35,USD
TXN-H3-0004,2025-01-05,ACC-7503,Hartley Utility Trust (Aktobe hub),Electricity overbilling refund — Pavlodar block 2026,4588990.04,USD
TXN-H3-0017,2025-01-05,ACC-7503,Hartley Office Supplies Partners,"Payroll for administrative staff — Pavlodar block, instalment 1 2024",-2739472.71,USD
TXN-H3-0056,2025-01-05,ACC-7503,Hartley Landscaping Ltd LLP,"Standby generator electricity — Ekibastuz block B, period 02 2026",-2819018.45,USD
TXN-X2-0068,2025-01-05,ACC-7831,Eastgate Stationery LLC (Astana branch),"Unused ad campaign budget returned — Karaganda yard, period 03",12159060.15,EUR
TXN-9254-0037,2025-01-06,ACC-9254,Bridgeport Consulting Group (Karaganda yard),"Retail unit rent — Oskemen unit, instalment 2",-948393.41,USD
TXN-9690-0038,2025-01-06,ACC-9690,Glenwood Facilities Holdings (Semey base),Environmental emissions tax — Uralsk annex 2025,-207961.91,USD
TXN-G1-0022,2025-01-06,ACC-7401,Kingsley Insurance Associates (Zhezkazgan compound),Bi-weekly payroll run 2025,-10013614.78,USD
TXN-H4-0039,2025-01-06,ACC-7504,Foxridge Power LLC Group (Aktobe hub),Payroll bonus disbursement — Kyzylorda station 2024,-11322606.30,USD
TXN-S1-0037,2025-01-06,ACC-7001,Eastgate Logistics Inc Service Centre,Outdoor marketing site hire — Semey base,-204874.55,USD
TXN-G3-0027,2025-01-07,ACC-7403,Eastgate Telecom Group Company (Semey base),Property tax payment — Shymkent depot,-2549744.83,USD
TXN-J5-0004,2025-01-07,ACC-7605,Dunmore Insurance LP,Marketing volume rebate — July,8614586.29,USD
TXN-S3-0023,2025-01-07,ACC-7003,Glenwood Building Services Solutions LLP (Almaty office),Electricity for site lighting — Q4 2026,-295976784.10,USD
TXN-9202-0042,2025-01-08,ACC-9202,Dunmore Power Ltd Trading House,Payroll bonus disbursement — final call 2025,-24998627.64,USD
TXN-9575-0020,2025-01-08,ACC-9575,Juniper Cleaning (Atyrau terminal),"Container yard lease — Karaganda yard, Q3",-311497331.68,USD
TXN-9632-0048,2025-01-08,ACC-9632,Foxridge Telecom LP Supply (Almaty office),"Withholding tax remittance — Taraz site, Q2",-13051328.46,USD
TXN-F1-0057,2025-01-08,ACC-7301,Kingsley Tax Advisory Works,Payroll for warehouse staff — instalment 3,-2918721.67,USD
TXN-J3-0015,2025-01-08,ACC-7603,Foxridge Building Services Trust (Kyzylorda station),Interest income on treasury bills 2025,19079061.12,USD
TXN-J5-0051,2025-01-08,ACC-7605,Bridgeport Payroll Group Company,Warehouse lease — Shymkent depot,-948121.44,USD
TXN-X1-0010,2025-01-08,ACC-7830,Kingsley Utility Services,Revolver interest — April,-2296814.65,USD
TXN-G3-0037,2025-01-09,ACC-7403,Kingsley Payroll Trust (Ekibastuz block B),"Insurance broker rebate — Oskemen unit, instalment 3",183591.14,USD
TXN-KC-CAP-29,2025-01-09,TELE-4471,Bridgeport Realty Inc Group (Karaganda yard),Municipal water charge — instalment 3,-13801166.82,USD
TXN-9946-0028,2025-01-10,ACC-9946,Ironwood Supply Associates Partners,"Municipal tax levy — Uralsk annex, period 03 2026",-526300.57,USD
TXN-B3-0023,2025-01-10,ACC-7203,Cedarville Leasing,"Container yard lease — Ekibastuz block B, instalment 3",-30972313.98,USD
TXN-G1-0051,2025-01-10,ACC-7401,Cedarville Property Inc (Atyrau terminal),Interest on escrow balance — Turkistan point,148594167.93,USD
TXN-G3-0018,2025-01-10,ACC-7403,Eastgate Printing Group,Rent for archive premises — Oskemen unit,-3786382.32,USD
TXN-S1-0021,2025-01-10,ACC-7001,Foxridge Tax Advisory Corp Partners (Karaganda yard),Interest on finance sublease — Kostanay centre,-1156250.35,USD
TXN-9021-0030,2025-01-11,ACC-9021,Eastgate Facilities Trust,"Marketing agency creative fees — Oskemen unit, December",-300566192.16,USD
TXN-9317-0044,2025-01-11,ACC-9317,Bridgeport Leasing LLC (Uralsk annex),Interest true-up charge — July 2026,-7505856.41,USD
TXN-J1-0002,2025-01-11,ACC-7601,Ironwood Courier Co (Uralsk annex),Interest on escrow balance — Atyrau terminal,286783.31,USD
TXN-B5-0013,2025-01-12,ACC-7205,Dunmore Printing Partners Works (Astana branch),Bi-weekly payroll run — Q1,-5195972.71,USD
TXN-B5-0022,2025-01-12,ACC-7205,Riverside Realty Trust (Uralsk annex),"Telecom mobile fleet plan — Uralsk annex, April 2026",-277549.85,USD
TXN-H3-0029,2025-01-12,ACC-7503,Granger Utilities Holding (Atyrau terminal),"Regional marketing campaign production — Almaty office, December 2026",-8806889.09,USD
TXN-H5-0054,2025-01-12,ACC-7505,Riverside Realty Trust (Aktobe hub),Payroll for administrative staff — Aktobe hub 2026,-202544464.63,USD
TXN-J3-0067,2025-01-12,ACC-7603,Bridgeport Consulting Group Company (Taraz site),"Payroll accrual funding — Kostanay centre, June 2024",-186359.25,USD
TXN-S2-0052,2025-01-12,ACC-7002,Glenwood Facilities Holdings (Turkistan point),Payroll tranche for field crew — Aktobe hub 2024,-875656.57,USD
TXN-9296-0001,2025-01-13,ACC-9296,Foxridge Janitorial Group (Aktobe hub),"Payroll clearing account sweep back — Zhezkazgan compound, September",996544.77,USD
TXN-J4-0056,2025-01-13,ACC-7604,Cedarville Courier Holdings Ltd,"Land tax instalment — Karaganda yard, H2",-4105893.53,USD
TXN-9369-0032,2025-01-14,ACC-9369,Cedarville Waste Systems Inc (Oskemen unit),"Property tax rebate — Turkistan point, October",2748609.24,USD
TXN-9464-0026,2025-01-14,ACC-9464,Foxridge Janitorial Group Partners,Interest rebate on early repayment — Pavlodar block,138546355.99,USD
TXN-9817-0028,2025-01-14,ACC-9817,Foxridge Facilities Solutions (Oskemen unit),Payroll for night shift — H2,-689121.18,USD
TXN-F3-0009,2025-01-14,ACC-7303,Glenwood Leasing Holdings Ltd,"Interest recovery on overpayment — Pavlodar block, H1",360757.95,USD
TXN-J4-0050,2025-01-14,ACC-7604,Bridgeport Maintenance Group (Semey base),"Social tax remittance — Zhezkazgan compound, period 04",-164772925.48,USD
TXN-9024-0040,2025-01-15,ACC-9024,Hartley Payroll LLC (Taraz site),"Excise tax remittance — Pavlodar block, Q1",-15343578.89,USD
TXN-9426-0007,2025-01-15,ACC-9426,Ironwood Printing Ltd (Almaty office),Social tax remittance 2025,-599788.61,USD
TXN-B3-0030,2025-01-15,ACC-7203,Kingsley Tax Advisory (Taraz site),Electricity network capacity charge — Semey base,-5485284.13,USD
TXN-B5-0020,2025-01-15,ACC-7205,Juniper Consulting Associates (Almaty office),Container yard lease — instalment 3,-29913727.97,USD
TXN-F2-0003,2025-01-15,ACC-7302,Ashford Realty Ltd (Shymkent depot),"Interest rebate on early repayment — Uralsk annex, final call 2025",3332301.18,USD
TXN-H3-0012,2025-01-15,ACC-7503,Ashford Water Works Group Company (Kyzylorda station),Marketing photography and artwork — Kyzylorda station 2026,-2521595.76,USD
TXN-J2-0018,2025-01-15,ACC-7602,Bridgeport Leasing LLC,"Workers comp insurance — Zhezkazgan compound, instalment 2",-7261623.37,USD
TXN-J5-0007,2025-01-15,ACC-7605,Eastgate Waste Systems (Uralsk annex),"Cyber insurance premium — Turkistan point, Q1 2024",-131837125.24,USD
TXN-S2-0030,2025-01-15,ACC-7002,Beacon Tax Advisors JSC,Interest income on term deposit — Pavlodar block,792367.49,USD
TXN-9195-0041,2025-01-16,ACC-9195,Juniper Cleaning (Almaty office),Rent overpayment refunded — February,221504072.04,USD
TXN-9422-0019,2025-01-16,ACC-9422,Summit Telecom Group JSC (Pavlodar block),Group insurance experience refund — instalment 3 2026,299924.35,USD
TXN-B5-0026,2025-01-16,ACC-7205,Juniper Janitorial Ltd (Atyrau terminal),"Environmental liability insurance — Almaty office, Q2 2025",-38885707.11,USD
TXN-B5-0037,2025-01-16,ACC-7205,Foxridge Leasing Solutions Partners,"Unearned insurance premium return — Astana branch, instalment 3 2025",170791016.62,USD
TXN-F2-0011,2025-01-16,ACC-7302,Glenwood Waste Systems Trust (Aktobe hub),Electricity for site lighting — period 02,-653844.91,EUR
TXN-J1-0034,2025-01-16,ACC-7601,Glenwood Printing Corp Trading House,Liability insurance — January,-3899962.89,USD
TXN-KC-FIN-19,2025-01-16,TELE-4471,Eastgate Property Works,"Marketing agency credit note — Shymkent depot, April",2223079.83,USD
TXN-X1-0013,2025-01-16,ACC-7830,Eastgate Power Inc (Oskemen unit),Electricity metering correction credit — January,314712.62,USD
TXN-9580-0034,2025-01-17,ACC-9580,Foxridge Realty Trust Supply,"Contractor payroll batch — Kostanay centre, February",-1710812.73,USD
TXN-9792-0043,2025-01-17,ACC-9792,Eastgate Uniforms Services (Aktobe hub),"Payroll funding transfer — Uralsk annex, June",-14263202.15,USD
TXN-G1-0052,2025-01-17,ACC-7401,Ashford Facilities Inc (Kyzylorda station),Insurance deductible recovery 2026,6830458.44,USD
TXN-H1-0036,2025-01-17,ACC-7501,Ashford Consulting Partners Trading House (Uralsk annex),Hourly staff payroll — instalment 2,-11240444.78,USD
TXN-9230-0024,2025-01-18,ACC-9230,Kingsley Insurance Associates (Shymkent depot),VAT refund received — Q3 2026,6451431.04,USD
TXN-9865-0022,2025-01-18,ACC-9865,Bridgeport Cleaning Partners (Aktobe hub),"Marketing volume rebate — Aktobe hub, January",475222.76,USD
TXN-9366-0024,2025-01-19,ACC-9366,Harborview Properties,"Rent deposit returned — Pavlodar block, final call",3684043.03,USD
TXN-9917-0050,2025-01-19,ACC-9917,Juniper Printing Inc LLP,"Media buy rate adjustment credit — Turkistan point, September",2250690.35,USD
TXN-B3-0052,2025-01-19,ACC-7203,Glenwood Courier LP Group,Rent overpayment refunded — April,317772.45,USD
TXN-H2-0043,2025-01-19,ACC-7502,Cedarville Catering Solutions (Uralsk annex),Insurance claim reimbursement — October 2026,350503.03,USD
TXN-H2-0054,2025-01-19,ACC-7502,Umbrella Facilities Mgmt,Insurance claim reimbursement — Taraz site,6672822.65,USD
TXN-H4-0013,2025-01-19,ACC-7504,Cedarville Realty LLC Service Centre,Utility deposit returned — instalment 3,995876.49,USD
TXN-J1-0070,2025-01-19,ACC-7601,Eastgate Catering Services (Karaganda yard),Interest income on treasury bills — Almaty office,1813615.86,USD
TXN-J3-0056,2025-01-19,ACC-7603,Juniper Building Services Partners Service Centre (Karaganda yard),Marketing agency credit note — Turkistan point 2026,404495.45,USD
TXN-9109-0002,2025-01-20,ACC-9109,Ashford Tax Advisory Holdings Enterprise (Semey base),Storage unit rent — Aktobe hub 2024,-20786879.33,EUR
TXN-9815-0005,2025-01-20,ACC-9815,Hartley Landscaping Ltd JSC (Pavlodar block),Marketing overbilling refund — Uralsk annex 2024,3035466.97,USD
TXN-9815-0040,2025-01-20,ACC-9815,Eastgate Supply Ltd Partners,"Hourly staff payroll — Ekibastuz block B, period 01",-3193044.86,USD
TXN-9992-0033,2025-01-20,ACC-9992,Ashford Waste Systems Co JSC,Revolver interest — Zhezkazgan compound 2024,-1591098.46,USD
TXN-H4-0038,2025-01-20,ACC-7504,Eastgate Catering Services,Liability insurance 2024,-290192.39,USD
TXN-J3-0070,2025-01-20,ACC-7603,Eastgate Office Supplies Solutions LLP,"Property tax payment — Semey base, H1",-155279989.12,USD
TXN-9752-0049,2025-01-21,ACC-9752,Kingsley Tax Advisory Enterprise (Aktobe hub),Contractor payroll batch — Shymkent depot 2025,-1433731.13,USD
TXN-9907-0019,2025-01-21,ACC-9907,Juniper Leasing Group,Water charge adjustment credit — instalment 1,632365.20,USD
TXN-H5-0027,2025-01-21,ACC-7505,Eastgate Facilities Trust LLP,Payroll for administrative staff 2025,-17028762.60,USD
TXN-S1-0013,2025-01-21,ACC-7001,Juniper Tax Advisory LLC (Taraz site),"Rent deposit returned — Kostanay centre, instalment 2",810714.33,USD
TXN-9288-0038,2025-01-22,ACC-9288,Dunmore Stationery Inc (Kostanay centre),"Antenna mast lease — Zhezkazgan compound, instalment 1 2024",-267569.73,EUR
TXN-H3-0022,2025-01-22,ACC-7503,Ashford Maintenance LLC Service Centre,District heating utility charge — H1 2026,-472992.63,USD
TXN-9208-0041,2025-01-23,ACC-9208,Juniper Property Services (Pavlodar block),Point-of-sale marketing materials — instalment 1,-6590556.77,USD
TXN-9284-0015,2025-01-23,ACC-9284,Ashford Security (Astana branch),Payroll tranche for field crew,-280334.92,USD
TXN-9469-0029,2025-01-23,ACC-9469,Juniper Supply Trust,Directors and officers insurance — Oskemen unit,-11908274.27,USD
TXN-9590-0008,2025-01-23,ACC-9590,Kingsley Utility Services Works,"Telecom services — Kostanay centre, H2",-427749.34,USD
TXN-9851-0017,2025-01-23,ACC-9851,Eastgate Property LLP,Antenna mast lease — period 03 2026,-198661.23,USD
TXN-9985-0044,2025-01-23,ACC-9985,Glenwood Power (Kostanay centre),Water and sewer charge — period 01,-652692.25,USD
TXN-B5-0031,2025-01-23,ACC-7205,Hartley Telecom Co (Kyzylorda station),Sublet rent received — Shymkent depot 2024,251502048.05,USD
TXN-B5-0056,2025-01-23,ACC-7205,Cedarville Courier Holdings Supply,Product launch ad campaign — Turkistan point,-1457320.17,USD
TXN-F1-0011,2025-01-23,ACC-7301,Eastgate Insurance Corp (Taraz site),"Telecom leased line — Semey base, period 01",-2575840.28,USD
TXN-J3-0063,2025-01-23,ACC-7603,Kingsley Insurance Associates Holding,Franchise tax filing — Astana branch,-21685512.44,USD
TXN-X3-0031,2025-01-23,ACC-7832,Juniper Waste Systems Services Supply (Almaty office),"Vehicle tax payment — Kyzylorda station, Q3 2024",-298989.55,EUR
TXN-X3-0089,2025-01-23,ACC-7832,Dunmore Courier Services Partners,Use tax payment — Turkistan point,-3875562.53,USD
TXN-9071-0028,2025-01-24,ACC-9071,Foxridge Courier Group (Uralsk annex),"Utility metering charge — Turkistan point, H1",-4825803.80,USD
TXN-9357-0036,2025-01-24,ACC-9357,Juniper Property Services (Ekibastuz block B),Professional indemnity insurance — Semey base 2026,-1407503.62,USD
TXN-9601-0047,2025-01-24,ACC-9601,Foxridge Facilities Solutions (Uralsk annex),Hourly staff payroll — Ekibastuz block B,-769593.90,USD
TXN-H5-0014,2025-01-24,ACC-7505,Cedarville Waste Systems Inc (Shymkent depot),Environmental emissions tax 2024,-1171937.24,USD
TXN-J6-0020,2025-01-24,ACC-7606,Dunmore Power Ltd,Digital media buy — display — Turkistan point,-23967296.15,USD
TXN-X3-0039,2025-01-24,ACC-7832,Eastgate Janitorial Partners (Astana branch),Sewer discharge levy — Ekibastuz block B,-5189607.99,USD
TXN-9447-0041,2025-01-25,ACC-9447,Ironwood Building Services Services (Shymkent depot),"Sublet rent received — Ekibastuz block B, May 2024",930411.26,USD
TXN-9879-0045,2025-01-25,ACC-9879,Bridgeport Janitorial Solutions (Aktobe hub),"Tax penalty settlement charge — Kostanay centre, Q2",-210190346.77,USD
TXN-F2-0018,2025-01-25,ACC-7302,Juniper Courier Ltd (Zhezkazgan compound),Insurance deductible recovery,10555355.87,USD
TXN-F3-0042,2025-01-25,ACC-7303,Globex Telecom (Zhezkazgan compound),Interest income on treasury bills — Uralsk annex 2025,328670.71,USD
TXN-G1-0011,2025-01-25,ACC-7401,Foxridge Payroll Ltd (Pavlodar block),VAT refund received — February,205971.34,USD
TXN-G2-0004,2025-01-25,ACC-7402,Glenwood Landscaping Co Supply (Shymkent depot),"Withholding tax remittance — Kyzylorda station, May",-19051222.99,USD
TXN-J4-0070,2025-01-25,ACC-7604,Ironwood Telecom Ltd Trading House (Taraz site),"Electricity overbilling refund — Atyrau terminal, Q3 2025",659942.31,USD
TXN-J5-0033,2025-01-25,ACC-7605,Ashford Printing Solutions Service Centre,Payroll bonus disbursement — period 01,-2317148.01,USD
TXN-S1-0038,2025-01-25,ACC-7001,Glenwood Facilities Holdings Service Centre,Payroll for administrative staff — Q1,-2627847.68,USD
TXN-X3-0063,2025-01-25,ACC-7832,Cedarville Power Co Supply,"Fidelity bond insurance — Kostanay centre, February",-302043.73,EUR
TXN-9238-0043,2025-01-26,ACC-9238,Kingsley Building Services Group (Astana branch),Quarterly estimated tax — period 04,-297347.53,USD
TXN-9384-0041,2025-01-26,ACC-9384,Ironwood Landscaping Inc (Taraz site),Utility deposit returned — September,863823.93,USD
TXN-9594-0017,2025-01-26,ACC-9594,Ashford Maintenance LLC Enterprise,Rent for archive premises — Turkistan point,-1005302.69,USD
TXN-B5-0005,2025-01-26,ACC-7205,Ashford Leasing Inc (Karaganda yard),"Workers comp insurance — Zhezkazgan compound, instalment 2",-6913265.97,USD
TXN-X1-0028,2025-01-26,ACC-7830,Dunmore Leasing Associates (Kostanay centre),Ground lease instalment — instalment 1,-14878191.76,USD
TXN-9435-0026,2025-01-27,ACC-9435,Cedarville Cleaning Group (Almaty office),"Seasonal payroll run — Turkistan point, H1",-3447725.91,USD
TXN-9456-0016,2025-01-27,ACC-9456,Bridgeport Stationery Co Holding,Payroll clearing account sweep back — Zhezkazgan compound,8151151.04,USD
TXN-F2-0046,2025-01-27,ACC-7302,Cedarville Courier Holdings (Uralsk annex),Interest on trade facility — August 2026,-3877000.02,USD
TXN-J1-0078,2025-01-27,ACC-7601,Hartley Stationery Trust,"Digital media buy — display — Oskemen unit, H1 2025",-13488589.97,USD
TXN-X1-0087,2025-01-27,ACC-7830,Ashford Logistics LP,Revolver interest — Uralsk annex,-1870841.43,USD
TXN-9038-0018,2025-01-28,ACC-9038,Glenwood Janitorial LP (Oskemen unit),Telecom services — Aktobe hub,-1338098.89,USD
TXN-9192-0040,2025-01-28,ACC-9192,Glenwood Uniforms Group,"Outdoor marketing site hire — Kostanay centre, period 03",-392469.01,USD
TXN-H2-0031,2025-01-28,ACC-7502,Juniper Security Corp LLP (Kostanay centre),Social tax remittance,-12357694.80,USD
TXN-9445-0026,2025-01-29,ACC-9445,Juniper Catering Co Service Centre (Uralsk annex),Property tax rebate 2024,8462108.55,USD
TXN-J4-0041,2025-01-29,ACC-7604,Initech Software Licenses Company (Astana branch),"Payroll for night shift — Almaty office, February 2025",-364166.18,USD
TXN-S1-0010,2025-01-29,ACC-7001,Bridgeport Waste Systems Ltd (Astana branch),"Natural gas utility — Uralsk annex, August 2025",-1110138.81,USD
TXN-X3-0079,2025-01-29,ACC-7832,Glenwood Supply LLC Works,Accrued interest payment — Atyrau terminal 2025,-423310.46,USD
TXN-9180-0025,2025-01-30,ACC-9180,Juniper Telecom Inc,"Land lease — Kyzylorda station, October 2026",-14040059.69,USD
TXN-9979-0049,2025-01-30,ACC-9979,Cascade Water Utility (Karaganda yard),Sublet rent received — period 01,120102126.11,USD
TXN-F3-0026,2025-01-30,ACC-7303,Ironwood Cleaning LLC (Atyrau terminal),Withholding tax remittance — October,-9978463.88,USD
TXN-J1-0063,2025-01-30,ACC-7601,Ashford Payroll Partners (Kyzylorda station),"Outdoor marketing site hire — Shymkent depot, May",-2134003.32,USD
TXN-S2-0051,2025-01-30,ACC-7002,Dunmore Maintenance Trust (Ekibastuz block B),"Insurance claim reimbursement — Almaty office, instalment 1 2025",3037017.74,USD
TXN-G3-0007,2025-01-31,ACC-7403,Bridgeport Consulting Group Supply,"Interest on bilateral facility — Kostanay centre, period 03",-3151635.75,USD
TXN-G3-0034,2025-01-31,ACC-7403,Glenwood Insurance Ltd Partners,Rent for regional office — Astana branch,-20240063.68,USD
TXN-J6-0031,2025-01-31,ACC-7606,Ashford Utility Corp (Shymkent depot),"Printed marketing collateral run — Turkistan point, January 2025",-1046714.15,USD
TXN-J6-0054,2025-01-31,ACC-7606,Initech Software Licenses (Zhezkazgan compound),Unearned insurance premium return,1103454.67,USD
TXN-KC-CAP-27,2025-01-31,TELE-4471,Glenwood Landscaping Co,Use tax payment — Karaganda yard,-14703424.96,USD
TXN-9497-0011,2025-02-01,ACC-9497,Dunmore Realty (Karaganda yard),"Standby generator electricity — Kyzylorda station, February",-374371.64,USD
TXN-9799-0034,2025-02-01,ACC-9799,Glenwood Security Partners Group (Atyrau terminal),Revolver interest — December 2026,-340421.47,USD
TXN-F2-0019,2025-02-01,ACC-7302,Ashford Supply Group,District heating utility charge — November,-1015898.96,USD
TXN-H5-0049,2025-02-01,ACC-7505,Dunmore Logistics Ltd Trading House,"Payroll accrual funding — Semey base, instalment 2",-5765579.13,USD
TXN-J5-0055,2025-02-01,ACC-7605,Dunmore Logistics Ltd (Kostanay centre),Product launch ad campaign 2026,-6048749.94,USD
TXN-KC-FIN-05,2025-02-01,TELE-4471,Halyk Bank JSC,Senior term loan drawdown — tranche A,197346182.05,USD
TXN-S1-0006,2025-02-01,ACC-7001,Stalwart Mutual Insurance (Kyzylorda station),Insurance claim reimbursement — Astana branch 2024,5812630.74,USD
TXN-X2-0064,2025-02-01,ACC-7831,Bridgeport Water Works LP Trading House (Semey base),"Travel insurance for staff — Atyrau terminal, May 2025",-139788.87,USD
TXN-9042-0030,2025-02-02,ACC-9042,Cedarville Uniforms Solutions Ltd,Interest on trade facility — Aktobe hub,-9085428.65,USD
TXN-9046-0033,2025-02-02,ACC-9046,Cedarville Cleaning Group (Turkistan point),VAT instalment — August 2025,-973940.31,USD
TXN-9356-0014,2025-02-02,ACC-9356,Glenwood Consulting Inc Works,Interest on finance sublease 2026,-416423.89,USD
TXN-9384-0018,2025-02-02,ACC-9384,Dunmore Stationery Inc Ltd (Kostanay centre),Marketing co-operative funding received — H1,2067654.54,USD
TXN-B3-0020,2025-02-02,ACC-7203,Cedarville Leasing,"Broadband telecom invoice — Zhezkazgan compound, H1 2024",-212669.90,USD
TXN-F2-0050,2025-02-02,ACC-7302,Foxridge Insurance Co (Ekibastuz block B),Utility metering charge — Kyzylorda station,-435376.97,USD
TXN-G1-0019,2025-02-02,ACC-7401,Foxridge Insurance Co (Astana branch),"Group medical insurance premium — Ekibastuz block B, period 03",-3617625.51,USD
TXN-J4-0068,2025-02-02,ACC-7604,Juniper Consulting Associates Trading House,Interest income on term deposit — Taraz site,100318.45,USD
TXN-9625-0030,2025-02-03,ACC-9625,Ashford Printing Solutions (Atyrau terminal),Payroll for warehouse staff — period 03,-342535.93,USD
TXN-9826-0039,2025-02-03,ACC-9826,Cedarville Maintenance Associates (Astana branch),Rent free period credit — September 2024,234745394.99,USD
TXN-9916-0022,2025-02-03,ACC-9916,Ashford Cleaning Services,"Property insurance premium — Taraz site, Q3",-227996.02,USD
TXN-H5-0029,2025-02-03,ACC-7505,Hartley Logistics Associates (Atyrau terminal),Hourly staff payroll 2024,-145315.63,USD
TXN-S3-0014,2025-02-03,ACC-7003,Eastgate Janitorial Partners (Astana branch),Printed marketing collateral run — Karaganda yard 2026,-12896516.66,USD
TXN-S3-0026,2025-02-03,ACC-7003,Development Bank of Kazakhstan JSC,Term loan facility drawdown — silo expansion,16513124.26,USD
TXN-9247-0015,2025-02-04,ACC-9247,Kingsley Facilities LP (Almaty office),"Excise tax credit received — Zhezkazgan compound, October 2025",181864604.60,USD
TXN-9303-0009,2025-02-04,ACC-9303,Cedarville Cleaning Group (Oskemen unit),Corporate income tax instalment — Zhezkazgan compound,-429742.36,USD
TXN-F1-0002,2025-02-04,ACC-7301,Glenwood Courier LP (Semey base),"Professional indemnity insurance — Pavlodar block, December",-536408.42,USD
TXN-F1-0054,2025-02-04,ACC-7301,Bridgeport Printing Holdings,Payroll for administrative staff — July,-21879511.45,USD
TXN-H5-0003,2025-02-04,ACC-7505,Dunmore Maintenance Trust (Kyzylorda station),Withholding tax remittance — period 03,-5783516.36,USD
TXN-J1-0003,2025-02-04,ACC-7601,Cedarville Utility Ltd (Almaty office),District heating utility charge — December,-531878.71,USD
TXN-J4-0049,2025-02-04,ACC-7604,Dunmore Landscaping Group Holding,Water charge adjustment credit — period 03 2026,3393582.87,USD
TXN-9300-0024,2025-02-05,ACC-9300,Northwind Catering Supply,"Container yard lease — Atyrau terminal, Q1",-22112765.16,USD
TXN-9355-0023,2025-02-05,ACC-9355,Dunmore Realty Service Centre,Interest on trade facility — Shymkent depot 2024,-320717.56,USD
TXN-H5-0023,2025-02-05,ACC-7505,Eastgate Insurance Corp (Aktobe hub),"Withholding tax reclaim received — Kostanay centre, September",3792603.51,USD
TXN-H5-0033,2025-02-05,ACC-7505,Eastgate Consulting Co (Shymkent depot),Excise tax remittance — September,-316356917.03,USD
TXN-J4-0087,2025-02-05,ACC-7604,Halyk Bank of Kazakhstan JSC,Term loan facility drawdown 2025,9738799.03,USD
TXN-S2-0024,2025-02-05,ACC-7002,Maple Grove Telecom Supply,Standby generator electricity — Pavlodar block,-256159.28,USD
TXN-X2-0009,2025-02-05,ACC-7831,Halyk Bank of Kazakhstan JSC,Senior term loan drawdown tranche A,24880415.63,USD
TXN-9230-0012,2025-02-06,ACC-9230,Foxridge Security Services (Turkistan point),Cold store lease — instalment 1 2025,-507771.87,USD
TXN-9745-0033,2025-02-06,ACC-9745,Dunmore Landscaping Group (Shymkent depot),"Warehouse contents insurance — Shymkent depot, July",-16300282.47,USD
TXN-9980-0024,2025-02-06,ACC-9980,Foxridge Maintenance Holdings Company (Atyrau terminal),Parking garage lease — April,-26434131.16,USD
TXN-B3-0026,2025-02-06,ACC-7203,Hartley Water Works (Kyzylorda station),"Interest on bilateral facility — Semey base, Q2 2025",-5686078.67,USD
TXN-F2-0048,2025-02-06,ACC-7302,Juniper Janitorial Ltd LLP,"Liability insurance — Shymkent depot, instalment 3",-1966545.13,USD
TXN-H1-0042,2025-02-06,ACC-7501,Dunmore Tax Advisory Group Ltd,"Marketing photography and artwork — Kostanay centre, period 02",-563283.11,USD
TXN-X1-0014,2025-02-06,ACC-7830,Ironwood Telecom Ltd Company,Broadband telecom invoice — Turkistan point 2024,-615087.14,USD
TXN-9920-0038,2025-02-07,ACC-9920,Hartley Tax Advisory Ltd,"Warehouse contents insurance — Kyzylorda station, H1",-8393813.17,USD
TXN-G3-0004,2025-02-07,ACC-7403,Hartley Uniforms LP (Zhezkazgan compound),"Outdoor marketing site hire — Zhezkazgan compound, Q2",-2686567.71,USD
TXN-J5-0027,2025-02-07,ACC-7605,Cedarville Power Co,Vehicle tax payment — Semey base,-2026756.30,USD
TXN-9101-0013,2025-02-08,ACC-9101,Hartley Insurance Inc (Shymkent depot),Digital media buy — search — Uralsk annex 2026,-6785257.66,USD
TXN-B3-0013,2025-02-08,ACC-7203,Ashford Leasing Inc (Pavlodar block),Ground lease instalment — period 01,-229980.22,USD
TXN-H5-0002,2025-02-08,ACC-7505,Hartley Courier Corp,Payroll for administrative staff 2025,-461617.90,USD
TXN-J3-0054,2025-02-08,ACC-7603,Maple Grove Telecom (Zhezkazgan compound),"Payroll for security detail — Kyzylorda station, period 04",-239655.08,USD
TXN-J5-0052,2025-02-08,ACC-7605,Dunmore Consulting Corp Trading House,VAT refund received — Karaganda yard,1369513.04,USD
TXN-J6-0050,2025-02-08,ACC-7606,Cedarville Security Trust (Zhezkazgan compound),Tax audit assessment payment — December,-300164120.60,USD
TXN-B3-0001,2025-02-09,ACC-7203,Hartley Courier Corp (Pavlodar block),"Interest on working capital line — Kostanay centre, April",-928936.22,USD
TXN-G2-0001,2025-02-09,ACC-7402,Ashford Leasing Inc (Aktobe hub),"Utility metering charge — Turkistan point, instalment 3",-5528432.56,USD
TXN-J6-0005,2025-02-09,ACC-7606,Crown City Water Board (Semey base),Regional marketing campaign production — period 04,-1086552.43,USD
TXN-X1-0060,2025-02-09,ACC-7830,Glenwood Realty Solutions JSC,"Monthly payroll disbursement — Atyrau terminal, May",-23471967.54,USD
TXN-9746-0029,2025-02-10,ACC-9746,Foxridge Water Works Inc Holding (Almaty office),"Interest on overdraft sweep — Oskemen unit, December 2024",-1058593.63,USD
TXN-9972-0045,2025-02-10,ACC-9972,Glenwood Leasing Holdings (Kostanay centre),"Interest on overdraft sweep — Karaganda yard, October 2024",-2547332.29,USD
TXN-B3-0032,2025-02-10,ACC-7203,Blue Ridge Payroll Services (Zhezkazgan compound),"Water supply charge — Atyrau terminal, April 2024",-1028562.76,USD
TXN-J2-0021,2025-02-10,ACC-7602,Halyk Bank of Kazakhstan JSC,Term loan facility drawdown 2025,10657513.19,USD
TXN-J3-0038,2025-02-10,ACC-7603,Halcyon Facilities Group Holding,Interest on trade facility — December 2025,-8099707.84,USD
TXN-J4-0055,2025-02-10,ACC-7604,Glenwood Consulting Inc (Karaganda yard),VAT refund received — instalment 1 2025,6879544.77,USD
TXN-KC-REV-27,2025-02-10,TELE-4471,Eastgate Realty Associates (Zhezkazgan compound),Property tax rebate — Uralsk annex 2024,5680856.61,USD
TXN-9254-0008,2025-02-11,ACC-9254,Bridgeport Utility Co (Ekibastuz block B),"Payroll for drivers — Kostanay centre, Q1",-6932311.64,USD
TXN-B3-0019,2025-02-11,ACC-7203,Hartley Water Works (Aktobe hub),Interest on escrow balance — H2 2024,8827903.99,USD
TXN-G2-0043,2025-02-11,ACC-7402,Bridgeport Water Works LP (Taraz site),Group medical insurance premium — Kostanay centre,-2867176.21,USD
TXN-J1-0097,2025-02-11,ACC-7601,Almaty Facility Services LLP,Cold store servicing and maintenance Q1,-1682077.55,USD
TXN-J2-0032,2025-02-11,ACC-7602,Dunmore Cleaning LP (Astana branch),Insurance premium refund — Oskemen unit 2026,275618.36,USD
TXN-J5-0049,2025-02-11,ACC-7605,Hartley Tax Advisory Ltd (Turkistan point),Waste water charge — Pavlodar block,-5324504.75,USD
TXN-S2-0022,2025-02-11,ACC-7002,Glenwood Janitorial LP,Quarterly interest coupon — December 2026,-25450457.28,USD
TXN-X1-0044,2025-02-11,ACC-7830,Astana Agro Media LLP,Harvest season brand marketing campaign,-411236.09,USD
TXN-9608-0017,2025-02-12,ACC-9608,Dunmore Stationery Inc (Shymkent depot),"Payroll agency rebate — Turkistan point, period 02 2026",3087233.22,USD
TXN-B2-0047,2025-02-12,ACC-7202,Bridgeport Catering Trust Holding,Water charge adjustment credit — Q4 2025,149974612.26,USD
TXN-H1-0009,2025-02-12,ACC-7501,Hartley Payroll LLC Ltd,Digital media buy — display — Almaty office 2026,-1240545.63,USD
TXN-H5-0006,2025-02-12,ACC-7505,Glenwood Maintenance Services (Oskemen unit),Interest income on treasury bills — final call 2024,310788.86,USD
TXN-J1-0016,2025-02-12,ACC-7601,Dunmore Printing Partners Trading House,Excise tax payment — H2,-5959517.79,USD
TXN-J4-0022,2025-02-12,ACC-7604,Dunmore Janitorial Services (Pavlodar block),"VAT refund received — Semey base, May 2025",1568527.42,USD
TXN-9911-0001,2025-02-13,ACC-9911,Ashford Printing Solutions (Zhezkazgan compound),Construction all-risk insurance — Almaty office,-388082.84,USD
TXN-B2-0029,2025-02-13,ACC-7202,Glenwood Payroll Inc (Atyrau terminal),Capitalised interest charge — Aktobe hub 2024,-36558824.85,EUR
TXN-G3-0044,2025-02-13,ACC-7403,Bridgeport Payroll Group Group,Rent for archive premises — instalment 1 2026,-806881.28,USD
TXN-H3-0045,2025-02-13,ACC-7503,Kazakhinstrakh Terminal Cover JSC,Insurance premiums on terminal property 2025,-236904.18,USD
TXN-9274-0002,2025-02-14,ACC-9274,Hartley Payroll LLC Company,Electricity metering correction credit — April,484802.66,USD
TXN-9290-0050,2025-02-14,ACC-9290,Eastgate Stationery LLC (Turkistan point),Insurance premium refund,1439068.60,USD
TXN-B2-0014,2025-02-14,ACC-7202,Development Bank of Kazakhstan JSC,Term loan facility drawdown for capacity expansion,18353645.93,USD
TXN-B5-0054,2025-02-14,ACC-7205,Ironwood Security LP (Kyzylorda station),Payroll advance recovered from staff — instalment 2,19185134.80,USD
TXN-F2-0023,2025-02-14,ACC-7302,Almaty Media Partners LLP,First-quarter brand marketing campaign,-205149.63,USD
TXN-G1-0009,2025-02-14,ACC-7401,Eastgate Power Inc (Shymkent depot),"Payroll for night shift — Taraz site, September",-189170.49,USD
TXN-H2-0020,2025-02-14,ACC-7502,Development Bank of Kazakhstan JSC,Term loan facility drawdown for silo expansion,16043772.19,USD
TXN-J3-0008,2025-02-14,ACC-7603,Cedarville Office Supplies Associates,"Marketing volume rebate — Ekibastuz block B, November",398583.96,USD
TXN-J6-0026,2025-02-14,ACC-7606,Atyrau Industrial Estates LLP,Operations base premises rent 2025,-412648.46,USD
TXN-9264-0010,2025-02-15,ACC-9264,Ironwood Courier Co (Taraz site),Interest on export credit line — October,-1480155.20,USD
TXN-9264-0015,2025-02-15,ACC-9264,Glenwood Waste Systems Trust Trading House,Quarterly interest coupon — Karaganda yard,-1018280.99,EUR
TXN-9739-0050,2025-02-15,ACC-9739,Foxridge Telecom LP (Kyzylorda station),Unclaimed payroll returned — H2,10667904.19,USD
TXN-G3-0042,2025-02-15,ACC-7403,Bridgeport Telecom Holdings (Uralsk annex),"Payroll accrual funding — Zhezkazgan compound, period 03 2026",-320672.54,USD
TXN-H2-0048,2025-02-15,ACC-7502,Dunmore Waste Systems LLC (Atyrau terminal),Political risk insurance — Astana branch 2026,-332590642.03,USD
TXN-S2-0053,2025-02-15,ACC-7002,Glenwood Courier LP Supply,"Interest on finance sublease — Taraz site, July",-765202.16,USD
TXN-9211-0022,2025-02-16,ACC-9211,Foxridge Building Services Trust,Payroll agency rebate — Q1,184258.68,USD
TXN-9872-0048,2025-02-16,ACC-9872,Foxridge Telecom LP (Oskemen unit),Marketing agency creative fees 2026,-1082968.50,USD
TXN-B3-0055,2025-02-16,ACC-7203,Crown City Water Board Works,Overdraft interest — Q4,-5890580.96,USD
TXN-F2-0040,2025-02-16,ACC-7302,Foxridge Maintenance Holdings,"Tax penalty settlement charge — Semey base, August",-33802808.31,USD
TXN-J6-0022,2025-02-16,ACC-7606,Dunmore Facilities Associates Trading House,Bi-weekly payroll run — instalment 3 2025,-1069961.06,USD
TXN-9225-0017,2025-02-17,ACC-9225,Hartley Courier Corp Partners (Aktobe hub),"Electricity metering correction credit — Semey base, Q2",29236890.75,USD
TXN-9595-0017,2025-02-17,ACC-9595,Eastgate Tax Advisory LP (Semey base),Waste water charge — Atyrau terminal,-713018.59,USD
TXN-9774-0036,2025-02-17,ACC-9774,Dunmore Utility Inc (Kostanay centre),"Rent for archive premises — Astana branch, instalment 3 2026",-17022281.23,USD
TXN-B5-0019,2025-02-17,ACC-7205,Juniper Building Services Partners Ltd (Zhezkazgan compound),"Rent deposit returned — Almaty office, October 2025",2264865.06,USD
TXN-H1-0037,2025-02-17,ACC-7501,Cedarville Facilities Partners,"Payroll tranche for field crew — Aktobe hub, July 2025",-5270473.45,USD
TXN-H2-0035,2025-02-17,ACC-7502,Dunmore Tax Advisory Group Group,Payroll accrual funding — Shymkent depot 2026,-1936540.74,USD
TXN-H5-0001,2025-02-17,ACC-7505,Eastgate Consulting Co Holding,"Payroll tranche for field crew — Astana branch, period 03",-503979.34,USD
TXN-J1-0093,2025-02-17,ACC-7601,Foxridge Building Services Trust LLP,Interest recovery on overpayment — Uralsk annex 2024,7293555.85,USD
TXN-S1-0034,2025-02-17,ACC-7001,Cedarville Leasing Ltd,Plant and boiler insurance premium — Uralsk annex,-1813432.18,EUR
TXN-X2-0085,2025-02-17,ACC-7831,Dunmore Consulting Corp (Zhezkazgan compound),"Unearned insurance premium return — Astana branch, instalment 3 2025",10833348.19,USD
TXN-9103-0025,2025-02-18,ACC-9103,Juniper Waste Systems Services,"Payroll clearing account sweep back — Ekibastuz block B, April 2026",2331890.57,USD
TXN-9986-0018,2025-02-18,ACC-9986,Ironwood Leasing Partners (Atyrau terminal),Environmental liability insurance 2025,-3297989.52,USD
TXN-F1-0041,2025-02-18,ACC-7301,Bridgeport Supply LP (Almaty office),Group insurance experience refund — January 2026,564505.08,USD
TXN-J6-0030,2025-02-18,ACC-7606,Ashford Tax Advisory Holdings (Almaty office),Telecom service credit received — September 2025,1176177.09,USD
TXN-S1-0003,2025-02-18,ACC-7001,Ironwood Security LP (Shymkent depot),Telecom leased line — January,-247540.30,EUR
TXN-X3-0006,2025-02-18,ACC-7832,Halyk Bank of Kazakhstan JSC,Senior term loan drawdown tranche A,23140662.85,USD
TXN-9116-0045,2025-02-19,ACC-9116,Dunmore Telecom Partners,Capitalised interest charge — Q3,-256090.63,USD
TXN-9581-0001,2025-02-19,ACC-9581,Ashford Insurance Services Works,Cold store lease — H1 2024,-3499027.95,USD
TXN-9826-0034,2025-02-19,ACC-9826,Dunmore Property LLC (Aktobe hub),"Business interruption insurance — Zhezkazgan compound, Q2",-668523.63,USD
TXN-9999-0039,2025-02-19,ACC-9999,Granger Utilities Holding (Shymkent depot),Excise tax credit received — April 2024,483653.05,USD
TXN-B5-0021,2025-02-19,ACC-7205,Glenwood Cleaning Ltd (Kostanay centre),"Marketing research panel subscription — Atyrau terminal, June 2024",-503163.49,USD
TXN-J5-0013,2025-02-19,ACC-7605,Halyk Bank of Kazakhstan JSC,Term loan facility drawdown 2025,8478951.48,USD
TXN-X1-0007,2025-02-19,ACC-7830,Maple Grove Telecom Partners,"Telecom mobile fleet plan — Ekibastuz block B, September",-11891022.24,USD
TXN-X3-0067,2025-02-19,ACC-7832,Dunmore Printing Partners Works (Turkistan point),Customs duty and tax payment 2026,-906650.08,USD
TXN-9334-0019,2025-02-20,ACC-9334,Cedarville Waste Systems Inc LLP,Marketing agency credit note — November 2025,5906070.07,EUR
TXN-9458-0007,2025-02-20,ACC-9458,Cedarville Telecom Services Works (Zhezkazgan compound),"Container yard lease — Atyrau terminal, November",-12200492.18,USD
TXN-9666-0038,2025-02-20,ACC-9666,Ironwood Maintenance Group (Astana branch),"Telecom service credit received — Aktobe hub, August 2025",3468577.44,USD
TXN-9819-0024,2025-02-20,ACC-9819,Glenwood Water Works LLC Holding,"Depot yard rent — Atyrau terminal, October 2025",-17509385.13,USD
TXN-B5-0055,2025-02-20,ACC-7205,Bridgeport Logistics Corp Ltd,Lease deposit released — Ekibastuz block B,3366294.88,USD
TXN-F1-0051,2025-02-20,ACC-7301,Development Bank of Kazakhstan JSC,Term loan facility drawdown for plant modernisation,10862502.05,USD
TXN-G3-0001,2025-02-20,ACC-7403,Halyk Bank of Kazakhstan JSC,Working-capital term loan drawdown,1340882.19,USD
TXN-H5-0005,2025-02-20,ACC-7505,Ashford Office Supplies LLC,"Default interest charge — Oskemen unit, August",-336311.08,USD
TXN-9249-0047,2025-02-21,ACC-9249,Foxridge Landscaping Corp,Interest rebate on early repayment — Aktobe hub,478913.02,USD
TXN-9772-0037,2025-02-21,ACC-9772,Glenwood Stationery Associates Holding,Insurance broker rebate — May,3154243.40,USD
TXN-9834-0014,2025-02-21,ACC-9834,Cedarville Maintenance Associates (Kostanay centre),"Electricity metering correction credit — Turkistan point, instalment 2",18260160.08,USD
TXN-F2-0031,2025-02-21,ACC-7302,Cedarville Supply Corp (Semey base),"Plant and boiler insurance premium — Uralsk annex, H1 2026",-8253162.52,USD
TXN-F2-0036,2025-02-21,ACC-7302,Dunmore Facilities Associates JSC (Uralsk annex),"Social tax remittance — Atyrau terminal, Q3 2025",-5985112.08,USD
TXN-H4-0025,2025-02-21,ACC-7504,Kingsley Tax Advisory,"Telecom leased line — Kyzylorda station, period 03",-3218270.55,USD
TXN-J6-0027,2025-02-21,ACC-7606,Sentinel Insurance Group (Aktobe hub),Group medical insurance premium — Aktobe hub 2025,-3878329.37,USD
TXN-J6-0043,2025-02-21,ACC-7606,Harborview Properties Partners (Oskemen unit),"Compressed air utility charge — Oskemen unit, June",-599493.91,USD
TXN-S1-0019,2025-02-21,ACC-7001,Ironwood Stationery Solutions (Pavlodar block),Sublet rent received — Almaty office 2025,3942445.42,USD
TXN-X1-0085,2025-02-21,ACC-7830,Dunmore Payroll Corp (Ekibastuz block B),"Unearned insurance premium return — Astana branch, instalment 3 2025",1889786.66,USD
TXN-9263-0047,2025-02-22,ACC-9263,Foxridge Office Supplies Holdings Supply,Tax overpayment refunded — period 01,7609157.58,USD
TXN-9328-0023,2025-02-22,ACC-9328,Juniper Printing Inc JSC,"Interest income on treasury bills — Astana branch, December",3065818.44,USD
TXN-G3-0043,2025-02-22,ACC-7403,Dunmore Logistics Ltd (Zhezkazgan compound),Interest income on treasury bills — Ekibastuz block B,704187.66,USD
TXN-H2-0024,2025-02-22,ACC-7502,Bridgeport Insurance Partners LLP,"Media buy rate adjustment credit — Semey base, March",509000.23,USD
TXN-H2-0041,2025-02-22,ACC-7502,Cedarville Building Services LLC (Shymkent depot),"Tax overpayment refunded — Karaganda yard, February 2025",554748.35,USD
TXN-H5-0039,2025-02-22,ACC-7505,Globex Telecom (Astana branch),Payroll top-up transfer — February 2025,-352028.66,USD
TXN-X3-0066,2025-02-22,ACC-7832,Ironwood Catering Corp Service Centre (Kostanay centre),Insurance premium refund — May,835158.53,USD
TXN-9720-0030,2025-02-23,ACC-9720,Juniper Supply Trust (Turkistan point),"Marketing volume rebate — Astana branch, final call",2446394.71,USD
TXN-9841-0021,2025-02-23,ACC-9841,Foxridge Power LLC (Turkistan point),Interest rebate on early repayment,12330599.61,USD
TXN-B5-0003,2025-02-23,ACC-7205,Foxridge Waste Systems Associates (Astana branch),Regional marketing campaign production — May 2026,-430208.89,USD
TXN-H2-0027,2025-02-23,ACC-7502,Juniper Printing Inc Ltd (Pavlodar block),Electricity for site lighting — instalment 2 2024,-709893.25,USD
TXN-J5-0028,2025-02-23,ACC-7605,Foxridge Building Services Trust (Turkistan point),Hourly staff payroll — Zhezkazgan compound 2024,-112499.77,USD
TXN-KC-REV-52,2025-02-23,TELE-4471,Eastgate Payroll Co (Turkistan point),"Payroll bonus disbursement — Zhezkazgan compound, final call",-25470399.41,USD
TXN-9674-0009,2025-02-24,ACC-9674,Kingsley Property Partners (Oskemen unit),Interest on overdraft sweep — Q1 2026,-3414804.46,USD
TXN-9931-0044,2025-02-24,ACC-9931,Bridgeport Office Supplies JSC,Interest income on treasury bills — Shymkent depot,276357.37,USD
TXN-H1-0005,2025-02-24,ACC-7501,Foxridge Waste Systems Associates (Atyrau terminal),"Liability insurance — Uralsk annex, instalment 1",-767338.29,USD
TXN-J5-0035,2025-02-24,ACC-7605,Trident Power Cooperative (Uralsk annex),Vehicle tax payment — period 01,-281141.54,USD
TXN-J6-0059,2025-02-24,ACC-7606,Dunmore Printing Partners Ltd,"Franchise tax filing — Pavlodar block, September 2025",-27814959.62,USD
TXN-9556-0041,2025-02-25,ACC-9556,Cedarville Utility Ltd (Zhezkazgan compound),Travel insurance for staff — Astana branch,-15496381.91,USD
TXN-9612-0007,2025-02-25,ACC-9612,Bridgeport Power Corp,"Digital media buy — search — Aktobe hub, period 01",-1118516.29,USD
TXN-9854-0047,2025-02-25,ACC-9854,Bridgeport Realty Inc (Karaganda yard),Payroll overfunding returned — Kyzylorda station 2025,1234469.60,USD
TXN-G2-0002,2025-02-25,ACC-7402,Cedarville Logistics Co LLP,Excise tax remittance — period 04 2026,-5648195.33,USD
TXN-H2-0012,2025-02-25,ACC-7502,Hartley Realty Holdings Company,Telecom leased line — Zhezkazgan compound,-5280609.40,EUR
TXN-J2-0051,2025-02-25,ACC-7602,Glenwood Catering Group (Semey base),Payroll clearing account sweep back — Taraz site 2026,1071393.19,USD
TXN-9378-0012,2025-02-26,ACC-9378,Dunmore Waste Systems LLC (Taraz site),Directors and officers insurance — period 01,-288842440.43,USD
TXN-9425-0030,2025-02-26,ACC-9425,Foxridge Utility (Semey base),Customer newsletter marketing production,-4755252.43,EUR
TXN-9641-0039,2025-02-26,ACC-9641,Crown City Water Board Company (Shymkent depot),Outdoor marketing site hire — Oskemen unit,-4579240.63,USD
TXN-9703-0029,2025-02-26,ACC-9703,Hartley Leasing Services (Turkistan point),Payroll for drivers — Atyrau terminal 2024,-13017573.97,USD
TXN-9969-0005,2025-02-26,ACC-9969,Foxridge Tax Advisory Corp Enterprise,Natural gas utility — Shymkent depot 2026,-3638500.85,USD
TXN-B2-0023,2025-02-26,ACC-7202,Hartley Cleaning Inc (Almaty office),Interest on bilateral facility,-8507556.09,USD
TXN-H3-0025,2025-02-26,ACC-7503,Kingsley Water Works Solutions (Taraz site),Payroll for laboratory staff — August,-235363.75,USD
TXN-H5-0064,2025-02-26,ACC-7505,Kazakhinstrakh Factory Cover JSC,Insurance premiums on factory property 2025,-198663.44,USD
TXN-J4-0030,2025-02-26,ACC-7604,Hartley Facilities Services Group (Oskemen unit),Tax assessment reversal — Pavlodar block,1170230.42,USD
TXN-J6-0007,2025-02-26,ACC-7606,Juniper Logistics Solutions JSC (Karaganda yard),"Telecom leased line — Atyrau terminal, February 2026",-1452381.31,USD
TXN-X2-0077,2025-02-26,ACC-7831,Foxridge Realty Trust (Astana branch),Property tax payment — Q3,-316714125.83,USD
TXN-B5-0040,2025-02-27,ACC-7205,Development Bank of Kazakhstan JSC,Term loan facility drawdown for terminal works,14778160.01,USD
TXN-F1-0043,2025-02-27,ACC-7301,Dunmore Cleaning LP (Almaty office),Hourly staff payroll — instalment 3,-509070.98,USD
TXN-F3-0001,2025-02-27,ACC-7303,Ashford Security (Karaganda yard),Contractor payroll batch — Turkistan point,-393567.41,USD
TXN-F3-0020,2025-02-27,ACC-7303,Development Bank of Kazakhstan JSC,Term loan facility drawdown for terminal works,12153494.06,USD
TXN-G3-0003,2025-02-27,ACC-7403,Capital Stationers Service Centre,"Digital media buy — search — Oskemen unit, April",-1153108.31,EUR
TXN-H4-0016,2025-02-27,ACC-7504,Development Bank of Kazakhstan JSC,Term loan facility drawdown 2025,6308442.71,USD
TXN-9165-0017,2025-02-28,ACC-9165,Foxridge Courier Group Group (Oskemen unit),Radio ad campaign schedule — October,-768346.48,USD
TXN-9367-0002,2025-02-28,ACC-9367,Cedarville Janitorial Holdings (Zhezkazgan compound),Motor third-party insurance — Shymkent depot 2024,-411876.92,USD
TXN-9952-0039,2025-02-28,ACC-9952,Dunmore Maintenance Trust Service Centre (Almaty office),Term loan interest — H1,-186785.13,USD
TXN-B5-0014,2025-02-28,ACC-7205,Eastgate Realty Associates (Aktobe hub),"Vehicle livery marketing application — Oskemen unit, Q1",-787590.76,USD
TXN-H4-0029,2025-02-28,ACC-7504,Glenwood Catering Group,District heating utility charge — Astana branch,-1905144.13,USD
TXN-J3-0072,2025-02-28,ACC-7603,Ontustik Property Holdings LLP,Factory premises rent 2025,-298865.08,USD
TXN-KC-FIN-41,2025-02-28,TELE-4471,Cedarville Janitorial Holdings Group,"Executive payroll run — Aktobe hub, final call",-40146489.21,USD
TXN-X3-0085,2025-02-28,ACC-7832,Dunmore Waste Systems LLC JSC (Kostanay centre),Interest on escrow balance — April 2026,33398408.59,USD
TXN-9644-0035,2025-03-01,ACC-9644,Foxridge Landscaping Corp (Ekibastuz block B),Lease incentive received — May,694061.15,USD
TXN-J1-0092,2025-03-01,ACC-7601,Alatau Industrial Park LLP,Warehouse premises rent 2025,-429479.24,USD
TXN-9333-0024,2025-03-02,ACC-9333,Ironwood Courier Co,Workers comp insurance — February,-9020111.47,USD
TXN-9652-0002,2025-03-02,ACC-9652,Ashford Leasing Inc Trading House,Interest on trade facility,-1452901.26,USD
TXN-9961-0011,2025-03-02,ACC-9961,Ashford Security LLP,Payroll agency rebate — Oskemen unit,628227.43,USD
TXN-F1-0013,2025-03-02,ACC-7301,Dunmore Printing Partners Works (Turkistan point),Radio ad campaign schedule — Uralsk annex 2024,-415128.18,USD
TXN-F2-0008,2025-03-02,ACC-7302,Ironwood Building Services Services (Taraz site),"Municipal water charge — Semey base, September",-4090037.94,USD
TXN-G1-0056,2025-03-02,ACC-7401,Bridgeport Realty Inc Group,Default interest charge — Taraz site 2025,-161185610.24,USD
TXN-9365-0026,2025-03-03,ACC-9365,Cedarville Power Co Holding,"Payroll funding transfer — Oskemen unit, period 04",-1195790.66,USD
TXN-9390-0027,2025-03-03,ACC-9390,Eastgate Consulting Co (Aktobe hub),"Outdoor marketing site hire — Kyzylorda station, July",-490777.06,USD
TXN-9529-0014,2025-03-03,ACC-9529,Dunmore Utility Inc (Oskemen unit),Advance profit tax instalment — May,-172138694.27,USD
TXN-B5-0045,2025-03-03,ACC-7205,Ironwood Tax Advisory Inc Partners,Unclaimed payroll returned — Taraz site,12726397.96,USD
TXN-G1-0038,2025-03-03,ACC-7401,Development Bank of Kazakhstan JSC,Syndicated term loan drawdown 2025,9617432.88,USD
TXN-G3-0053,2025-03-03,ACC-7403,Bridgeport Telecom Holdings (Uralsk annex),"Interest on export credit line — Oskemen unit, H1 2024",-487781.74,EUR
TXN-J2-0047,2025-03-03,ACC-7602,Ashford Stationery Corp (Astana branch),"Bi-weekly payroll run — Uralsk annex, instalment 1",-127655565.91,USD
TXN-KC-OPX-51,2025-03-03,TELE-4471,Glenwood Uniforms Group (Taraz site),Industry exhibition stand marketing — Aktobe hub 2025,-158783788.31,USD
TXN-S2-0002,2025-03-03,ACC-7002,Ironwood Office Supplies Group Supply (Uralsk annex),"Withholding tax reclaim received — Karaganda yard, August",1098011.96,USD
TXN-X2-0084,2025-03-03,ACC-7831,Dunmore Courier Services (Zhezkazgan compound),Bi-weekly payroll run — Karaganda yard 2026,-2974562.32,USD
TXN-X3-0049,2025-03-03,ACC-7832,Juniper Landscaping LLC (Aktobe hub),Land tax instalment — Pavlodar block 2026,-12038033.97,USD
TXN-9855-0031,2025-03-04,ACC-9855,Glenwood Facilities Holdings,"Seasonal payroll run — Turkistan point, Q3",-393594.36,USD
TXN-B3-0036,2025-03-04,ACC-7203,Dunmore Cleaning LP (Karaganda yard),Telecom mobile fleet plan — Kostanay centre 2024,-16140874.12,USD
TXN-F1-0031,2025-03-04,ACC-7301,Eastgate Realty Associates (Turkistan point),"Land lease — Karaganda yard, period 02 2026",-7607637.18,USD
TXN-G3-0009,2025-03-04,ACC-7403,Cedarville Maintenance Associates (Oskemen unit),Payroll clearing account sweep back,253622.54,EUR
TXN-J5-0037,2025-03-04,ACC-7605,Juniper Realty Partners Supply,Outdoor marketing site hire — February,-3300465.12,USD
TXN-KC-CAP-46,2025-03-04,TELE-4471,Eastgate Water Works Ltd Holding,"Plant and boiler insurance premium — Zhezkazgan compound, instalment 3 2026",-811839.01,USD
TXN-KC-CON-42,2025-03-04,TELE-4471,Ironwood Building Services Services (Uralsk annex),Insurance claim reimbursement — Atyrau terminal 2025,8118003.93,USD
TXN-J5-0017,2025-03-05,ACC-7605,Eastgate Leasing Trust Partners (Taraz site),"Interest recovery on overpayment — Pavlodar block, H1",10382455.33,USD
TXN-X1-0019,2025-03-05,ACC-7830,Eastgate Uniforms Services (Karaganda yard),"Municipal tax levy — Ekibastuz block B, Q2",-5617899.51,USD
TXN-X2-0034,2025-03-05,ACC-7831,Dunmore Tax Advisory Group (Atyrau terminal),Payroll for warehouse staff — Karaganda yard,-525413.44,USD
TXN-9013-0039,2025-03-06,ACC-9013,Ashford Utility Corp,Lease incentive received — April,1808088.79,USD
TXN-9208-0017,2025-03-06,ACC-9208,Metro Waste Management,Telecom mobile fleet plan — Q2,-6676494.42,USD
TXN-9345-0037,2025-03-06,ACC-9345,Bridgeport Building Services Inc Company,Rent for spare parts store — Turkistan point 2026,-949432.81,USD
TXN-H5-0008,2025-03-06,ACC-7505,Cedarville Waste Systems Inc (Shymkent depot),"Interest on bridge facility — Kostanay centre, February",-32383242.54,USD
TXN-J6-0056,2025-03-06,ACC-7606,Cedarville Utility Ltd Company (Taraz site),Media buy rate adjustment credit — Kyzylorda station,13289825.70,USD
TXN-9856-0034,2025-03-07,ACC-9856,Bridgeport Tax Advisory Services Works,"Lease incentive received — Karaganda yard, February",708376.63,USD
TXN-9888-0036,2025-03-07,ACC-9888,Kingsley Building Services Group,Payroll for warehouse staff — May,-30752274.91,USD
TXN-B3-0033,2025-03-07,ACC-7203,Dunmore Power Ltd Enterprise (Kostanay centre),"Environmental liability insurance — Zhezkazgan compound, final call",-7961696.93,USD
TXN-G1-0001,2025-03-07,ACC-7401,Dunmore Tax Advisory Group (Astana branch),Municipal water charge — October,-389219.53,USD
TXN-H4-0048,2025-03-07,ACC-7504,Ironwood Payroll Trading House (Almaty office),"Electricity for pumping station — Uralsk annex, instalment 1",-12192714.23,USD
TXN-J6-0016,2025-03-07,ACC-7606,Cedarville Consulting LP Service Centre,Electricity metering correction credit — Pavlodar block,112138.87,EUR
TXN-X1-0075,2025-03-07,ACC-7830,Juniper Payroll Associates JSC,Rent for staff dormitory — September 2026,-4512393.31,USD
TXN-9030-0050,2025-03-08,ACC-9030,Ironclad Security Services Ltd (Astana branch),Social tax remittance — Karaganda yard,-15091589.55,USD
TXN-F1-0004,2025-03-08,ACC-7301,Hartley Consulting LLC,Rent deposit returned — period 01,1410559.42,USD
TXN-G3-0020,2025-03-08,ACC-7403,Eastgate Utility LLC Supply,Payroll tranche for field crew — Zhezkazgan compound 2024,-5530612.85,USD
TXN-S1-0031,2025-03-08,ACC-7001,Ironclad Security Services (Taraz site),Utility deposit returned — Kostanay centre,1823090.74,USD
TXN-9001-0036,2025-03-09,ACC-9001,Dunmore Printing Partners Holding (Oskemen unit),Electricity metering correction credit — Shymkent depot,370579.77,USD
TXN-9133-0047,2025-03-09,ACC-9133,Glenwood Power,Rent for archive premises — period 04 2026,-6063692.86,USD
TXN-9151-0002,2025-03-09,ACC-9151,Umbrella Facilities Mgmt (Karaganda yard),Hourly staff payroll 2025,-3417122.03,USD
TXN-9625-0047,2025-03-09,ACC-9625,Bridgeport Office Supplies Group,Depot yard rent — December,-325674931.39,USD
TXN-9846-0032,2025-03-09,ACC-9846,Hartley Landscaping Ltd (Pavlodar block),"Interest on escrow balance — Aktobe hub, instalment 3 2025",623570.69,USD
TXN-B2-0001,2025-03-09,ACC-7202,Eastgate Office Supplies Solutions Enterprise,Cold store lease — Uralsk annex 2026,-180384.88,USD
TXN-J1-0068,2025-03-09,ACC-7601,Dunmore Building Services LLP,"Environmental liability insurance — Pavlodar block, period 02",-374080.05,USD
TXN-KC-CAP-39,2025-03-09,TELE-4471,Juniper Stationery Holdings Service Centre,"Hourly staff payroll — Taraz site, period 04",-137142783.11,USD
TXN-9402-0023,2025-03-10,ACC-9402,Kingsley Facilities LP (Zhezkazgan compound),Payroll clearing account sweep back — final call,3120982.93,USD
TXN-9413-0018,2025-03-10,ACC-9413,Ashford Telecom Solutions (Atyrau terminal),Rent for regional office — March 2024,-4798218.16,USD
TXN-9557-0014,2025-03-10,ACC-9557,Foxridge Utility Group (Karaganda yard),"Point-of-sale marketing materials — Atyrau terminal, December 2026",-1575174.81,USD
TXN-9558-0015,2025-03-10,ACC-9558,Evergreen Janitorial Trading House,"Water supply charge — Shymkent depot, period 03",-26433272.52,USD
TXN-9729-0034,2025-03-10,ACC-9729,Bridgeport Catering Trust (Ekibastuz block B),"Payroll accrual funding — Kostanay centre, June 2024",-829439.73,USD
TXN-G1-0023,2025-03-10,ACC-7401,Foxridge Maintenance Holdings Partners,Vehicle livery marketing application — Aktobe hub 2024,-757791.93,USD
TXN-H5-0010,2025-03-10,ACC-7505,Hartley Landscaping Ltd Ltd (Turkistan point),"Payroll for security detail — Shymkent depot, instalment 1 2026",-25531538.41,USD
TXN-J4-0062,2025-03-10,ACC-7604,Eastgate Catering Services Works,Tax audit assessment payment — Shymkent depot 2024,-9210298.81,USD
TXN-J6-0044,2025-03-10,ACC-7606,Bridgeport Power Corp (Taraz site),Severance payroll batch — Kostanay centre,-470860.58,USD
TXN-9011-0021,2025-03-11,ACC-9011,Dunmore Water Works Co Trading House (Semey base),"Social tax remittance — Uralsk annex, November",-343520.22,USD
TXN-9090-0046,2025-03-11,ACC-9090,Kingsley Office Supplies Corp,Rent for training centre — Astana branch 2025,-10185530.40,USD
TXN-9899-0004,2025-03-11,ACC-9899,Bridgeport Realty Inc Company,"Radio ad campaign schedule — Semey base, instalment 3",-2237188.10,USD
TXN-9960-0033,2025-03-11,ACC-9960,Glenwood Telecom Corp (Kyzylorda station),Lease incentive received — instalment 1,1094935.31,USD
TXN-F2-0066,2025-03-11,ACC-7302,Bridgeport Water Works LP Trading House (Aktobe hub),Interest on export credit line — Uralsk annex,-20705734.12,USD
TXN-G3-0050,2025-03-11,ACC-7403,Glenwood Stationery Associates,"Interest recovery on overpayment — Taraz site, June",2171253.37,USD
TXN-S2-0004,2025-03-11,ACC-7002,Kingsley Water Works Solutions (Semey base),Payroll agency rebate — final call 2024,2352339.19,USD
TXN-B5-0008,2025-03-12,ACC-7205,Eastgate Logistics Inc (Uralsk annex),Payroll top-up transfer — June,-12764072.11,USD
TXN-F3-0036,2025-03-12,ACC-7303,Eastgate Payroll Co (Zhezkazgan compound),"Franchise tax filing — Pavlodar block, H2 2024",-7855059.24,USD
TXN-G2-0007,2025-03-12,ACC-7402,Development Bank of Kazakhstan JSC,Term loan facility drawdown for depot works,5264338.19,USD
TXN-G2-0036,2025-03-12,ACC-7402,Bridgeport Water Works LP (Taraz site),Lease incentive received — Aktobe hub,174639.32,USD
TXN-G2-0041,2025-03-12,ACC-7402,Eastgate Waste Systems Trading House,Overdraft interest — instalment 2,-277876.90,USD
TXN-H4-0005,2025-03-12,ACC-7504,Glenwood Building Services Solutions (Kyzylorda station),Product launch ad campaign — Shymkent depot,-5086361.12,USD
TXN-J1-0024,2025-03-12,ACC-7601,Bridgeport Payroll Group Enterprise,Quarterly estimated tax — April 2026,-30456972.49,USD
TXN-J3-0030,2025-03-12,ACC-7603,Halyk Bank of Kazakhstan JSC,Syndicated term loan drawdown 2025,7212928.03,USD
TXN-X3-0069,2025-03-12,ACC-7832,Astana Energy Media LLP,Corporate brand marketing campaign,-487332.19,USD
TXN-9186-0018,2025-03-13,ACC-9186,Juniper Facilities Group,Sublet rent received — period 03,136612.28,USD
TXN-9312-0014,2025-03-13,ACC-9312,Globex Telecom,"Natural gas utility — Taraz site, final call",-215602.67,EUR
TXN-G1-0018,2025-03-13,ACC-7401,Hartley Tax Advisory Ltd (Pavlodar block),"Property tax payment — Almaty office, Q2 2024",-2216997.72,USD
TXN-G2-0020,2025-03-13,ACC-7402,Hartley Insurance Inc (Taraz site),"Use tax payment — Zhezkazgan compound, period 03",-5992070.57,USD
TXN-G3-0052,2025-03-13,ACC-7403,Ashford Courier Trust,Land lease — Oskemen unit 2024,-24336497.79,USD
TXN-H4-0032,2025-03-13,ACC-7504,Ironwood Payroll,"Fidelity bond insurance — Semey base, H1 2025",-511879.33,USD
TXN-S1-0051,2025-03-13,ACC-7001,Ironwood Property Holdings,Advance profit tax instalment — Shymkent depot 2024,-572110.68,EUR
TXN-9169-0020,2025-03-14,ACC-9169,Cedarville Payroll LP (Uralsk annex),"Interest on overdraft sweep — Almaty office, October",-312274.58,USD
TXN-9236-0002,2025-03-14,ACC-9236,Kingsley Power Holdings,Media buy rate adjustment credit — October 2025,3971807.12,USD
TXN-9824-0035,2025-03-14,ACC-9824,Bridgeport Cleaning Partners (Turkistan point),Marketing agency credit note — Semey base,9297077.71,USD
TXN-H2-0036,2025-03-14,ACC-7502,Sentinel Insurance Group,Rent for regional office — Q1,-2088673.26,USD
TXN-H5-0055,2025-03-14,ACC-7505,Semey Media Group LLP,Brand marketing campaign spring 2025,-205440.18,USD
TXN-J2-0027,2025-03-14,ACC-7602,Glenwood Security Partners (Kostanay centre),"Marine cargo insurance premium — Kyzylorda station, period 02",-12487963.76,USD
TXN-J4-0029,2025-03-14,ACC-7604,Kazakh Metals Trading JSC,Refined metals export sales settlement Q1,3157036.55,USD
TXN-S2-0021,2025-03-14,ACC-7002,Sary-Arka Plant Engineering LLP,Kiln conveyor machinery upgrade,-2440629.82,USD
TXN-S3-0001,2025-03-14,ACC-7003,Hartley Stationery Trust Group (Kyzylorda station),"Interest credited on current account — Kostanay centre, December",2130585.88,USD
TXN-9338-0023,2025-03-15,ACC-9338,Ashford Facilities Inc,Group insurance experience refund,2291355.24,USD
TXN-B2-0033,2025-03-15,ACC-7202,Eastgate Utility LLC Holding,"Cold store lease — Semey base, January",-446857.57,USD
TXN-F2-0029,2025-03-15,ACC-7302,Dunmore Office Supplies Trust (Kostanay centre),Water and sewer charge — Kostanay centre,-2173272.31,USD
TXN-H2-0007,2025-03-15,ACC-7502,Dunmore Realty (Pavlodar block),Interest rebate on early repayment — period 01 2024,691120.32,USD
TXN-B2-0034,2025-03-16,ACC-7202,Dunmore Consulting Corp,"Interest recovery on overpayment — Uralsk annex, November 2026",36329203.55,USD
TXN-J4-0003,2025-03-16,ACC-7604,Juniper Payroll Associates,Customer newsletter marketing production,-1064376.06,USD
TXN-J5-0036,2025-03-16,ACC-7605,Juniper Telecom Inc (Karaganda yard),"Telecom mobile fleet plan — Taraz site, instalment 1 2024",-10066324.20,USD
TXN-S2-0017,2025-03-16,ACC-7002,Ironwood Uniforms Corp Group,Interest recovery on overpayment — instalment 1,951737.53,USD
TXN-S3-0037,2025-03-16,ACC-7003,Lakeshore Insurance Brokers (Astana branch),"Advance profit tax instalment — Kostanay centre, March",-13453802.24,USD
TXN-X1-0074,2025-03-16,ACC-7830,Hartley Leasing Services (Zhezkazgan compound),Interest recovery on overpayment — Atyrau terminal,874676.16,USD
TXN-9335-0016,2025-03-17,ACC-9335,Hartley Cleaning Inc Service Centre (Pavlodar block),Group medical insurance premium — Turkistan point 2026,-1010500.83,USD
TXN-9765-0018,2025-03-17,ACC-9765,Juniper Supply Trust Group (Zhezkazgan compound),"Interest on escrow balance — Astana branch, August",12277634.95,USD
TXN-9797-0035,2025-03-17,ACC-9797,Kingsley Tax Advisory (Almaty office),Marketing volume rebate — December,3129364.04,USD
TXN-9815-0042,2025-03-17,ACC-9815,Glenwood Facilities Holdings (Almaty office),"Franchise tax filing — Pavlodar block, September 2025",-3377840.49,USD
TXN-H1-0052,2025-03-17,ACC-7501,Ashford Leasing Inc Service Centre (Ekibastuz block B),"Utility deposit returned — Ekibastuz block B, March 2024",162682.49,USD
TXN-H2-0017,2025-03-17,ACC-7502,Ashford Leasing Inc (Kyzylorda station),Unearned insurance premium return — period 04 2025,7888462.22,USD
TXN-J4-0063,2025-03-17,ACC-7604,Juniper Property Services (Astana branch),"Radio ad campaign schedule — Astana branch, Q4 2026",-2177482.33,USD
TXN-S2-0023,2025-03-17,ACC-7002,Cedarville Telecom Services (Turkistan point),Excise tax remittance — Q4 2026,-850478.12,USD
TXN-S2-0049,2025-03-17,ACC-7002,Trident Power Cooperative,"Revolver interest — Semey base, June",-339013.97,USD
TXN-9208-0028,2025-03-18,ACC-9208,Eastgate Leasing Trust (Almaty office),Payroll clearing account sweep back — Turkistan point,9163391.65,USD
TXN-9468-0023,2025-03-18,ACC-9468,Glenwood Building Services Solutions JSC,Payroll advance recovered from staff,1965720.08,USD
TXN-9703-0018,2025-03-18,ACC-9703,Dunmore Supply Co (Taraz site),"Marketing volume rebate — Atyrau terminal, May 2026",2112643.29,USD
TXN-B3-0003,2025-03-18,ACC-7203,Ironwood Stationery Solutions Works,"Rent deposit returned — Almaty office, October 2025",210645896.68,USD
TXN-H3-0010,2025-03-18,ACC-7503,Glenwood Uniforms Group (Kostanay centre),Marketing translation and localisation,-1517951.36,EUR
TXN-H5-0015,2025-03-18,ACC-7505,Juniper Landscaping LLC Service Centre,Payroll for night shift — H1,-283823.44,USD
TXN-J6-0048,2025-03-18,ACC-7606,Juniper Logistics Solutions,Industry exhibition stand marketing — H2,-135549.99,USD
TXN-KC-MKT-08,2025-03-18,TELE-4471,Ironwood Cleaning LLC Works (Karaganda yard),"Media buy rate adjustment credit — Turkistan point, period 02 2025",311835.23,USD
TXN-X1-0071,2025-03-18,ACC-7830,Kostanay Grain Exchange JSC,Grain handling and storage sales settlement Q1,5118342.61,USD
TXN-9246-0035,2025-03-19,ACC-9246,Bridgeport Telecom Holdings (Ekibastuz block B),District heating utility charge — Oskemen unit,-1956745.56,USD
TXN-H3-0005,2025-03-19,ACC-7503,Trident Power Cooperative Service Centre (Kostanay centre),Executive payroll run — October 2024,-548309.38,USD
TXN-H3-0048,2025-03-19,ACC-7503,Dunmore Waste Systems LLC,Electricity bill — Semey base 2026,-14891972.16,USD
TXN-J3-0037,2025-03-19,ACC-7603,Cedarville Facilities,"Interest on trade facility — Uralsk annex, instalment 3",-621607.75,USD
TXN-J6-0049,2025-03-19,ACC-7606,Zhaik Transport Operator JSC,Pipeline tariff sales settlement Q1,3112159.46,USD
TXN-S1-0017,2025-03-19,ACC-7001,Bridgeport Property Ltd,Utility metering charge — Q4,-9581764.75,USD
TXN-X3-0057,2025-03-19,ACC-7832,Hartley Facilities Services (Karaganda yard),"Revolver interest — Oskemen unit, Q4",-4555228.94,USD
TXN-9156-0018,2025-03-20,ACC-9156,Maple Grove Telecom Group,"Interest true-up charge — Shymkent depot, instalment 1",-1415374.97,USD
TXN-H3-0038,2025-03-20,ACC-7503,Ironwood Realty Services,"Payroll for drivers — Kostanay centre, Q1",-2236100.10,USD
TXN-J1-0073,2025-03-20,ACC-7601,Almaty Retail Distribution LLP,Cold chain distribution sales settlement Q1,2599883.56,USD
TXN-J3-0027,2025-03-20,ACC-7603,Glenwood Office Supplies Services (Oskemen unit),"Marketing agency credit note — Shymkent depot, August 2024",9116295.68,USD
TXN-J4-0080,2025-03-20,ACC-7604,Summit Telecom Group Company,Printed marketing collateral run — Karaganda yard 2026,-19651822.86,USD
TXN-S1-0018,2025-03-20,ACC-7001,Ironwood Consulting Company,Tax overpayment refunded — Astana branch 2026,2034242.92,USD
TXN-S3-0016,2025-03-20,ACC-7003,Northwind Catering Holding (Astana branch),Insurance broker rebate — Ekibastuz block B,2755447.45,EUR
TXN-9496-0029,2025-03-21,ACC-9496,Cedarville Leasing (Atyrau terminal),Interest on overdraft sweep — Zhezkazgan compound,-13958371.83,USD
TXN-9721-0038,2025-03-21,ACC-9721,Ashford Waste Systems Co,Cold store lease — Uralsk annex,-854808.68,USD
TXN-F3-0048,2025-03-21,ACC-7303,Hartley Utility Trust (Almaty office),Rent deposit returned — Semey base,316578.43,USD
TXN-G3-0046,2025-03-21,ACC-7403,Bridgeport Insurance Partners Group,Insurance deductible recovery 2024,2231605.72,USD
TXN-H5-0038,2025-03-21,ACC-7505,Hartley Landscaping Ltd,"Overdraft interest — Kyzylorda station, Q3 2026",-298333106.77,USD
TXN-J1-0040,2025-03-21,ACC-7601,Kingsley Property Partners (Atyrau terminal),Auto fleet insurance — period 01,-1921644.60,USD
TXN-J1-0044,2025-03-21,ACC-7601,Ironwood Maintenance Group (Zhezkazgan compound),Marketing research panel subscription — instalment 2 2024,-196209.20,USD
TXN-9802-0050,2025-03-22,ACC-9802,Cedarville Utility Ltd (Shymkent depot),"Unclaimed payroll returned — Oskemen unit, instalment 3",245418.05,USD
TXN-H4-0010,2025-03-22,ACC-7504,Eastgate Waste Systems (Astana branch),Interest rebate on early repayment — period 01 2024,20606135.88,USD
TXN-9610-0047,2025-03-23,ACC-9610,Hartley Property Solutions Trading House (Karaganda yard),Storage unit rent 2026,-323851.75,USD
TXN-9877-0045,2025-03-23,ACC-9877,Foxridge Logistics LLC Trading House,"Rent overpayment refunded — Turkistan point, November",3562271.34,USD
TXN-B3-0047,2025-03-23,ACC-7203,Hartley Landscaping Ltd (Semey base),"Default interest charge — Pavlodar block, Q4 2024",-5952832.56,USD
TXN-F2-0002,2025-03-23,ACC-7302,Kingsley Power Holdings Trading House,Use tax payment — September,-356080.63,USD
TXN-G1-0030,2025-03-23,ACC-7401,Eastgate Landscaping LP Works,Tax penalty settlement charge — Taraz site 2026,-1635171.10,USD
TXN-H2-0001,2025-03-23,ACC-7502,Hartley Catering LP,"Rent free period credit — Ekibastuz block B, Q3",1170764.08,USD
TXN-9361-0034,2025-03-24,ACC-9361,Glenwood Telecom Corp Ltd,Directors and officers insurance — period 01,-1327965.43,USD
TXN-9390-0030,2025-03-24,ACC-9390,Eastgate Janitorial Partners Works,VAT refund received 2024,6597740.06,USD
TXN-9456-0047,2025-03-24,ACC-9456,Foxridge Printing LP (Taraz site),Rent for regional office — Q1,-720499.31,USD
TXN-F1-0056,2025-03-24,ACC-7301,State Revenue Committee Pavlodar Office,Corporate income tax settlement for 2024,-742113.66,USD
TXN-G3-0008,2025-03-24,ACC-7403,Eastgate Water Works Ltd (Pavlodar block),"Franchise tax filing — Taraz site, February",-3543435.95,USD
TXN-H4-0015,2025-03-24,ACC-7504,Bridgeport Realty Inc Trading House,"Executive payroll run — Aktobe hub, final call",-3208386.78,USD
TXN-J3-0051,2025-03-24,ACC-7603,Ashford Water Works Group Partners,Marketing overbilling refund — December,10872763.17,EUR
TXN-S2-0045,2025-03-24,ACC-7002,Foxridge Landscaping Corp Service Centre,Insurance premium refund — October,851755.15,USD
TXN-9574-0017,2025-03-25,ACC-9574,Dunmore Printing Partners (Uralsk annex),Tax penalty settlement charge — Zhezkazgan compound,-421941.05,USD
TXN-9586-0042,2025-03-25,ACC-9586,Hartley Cleaning Inc Works (Atyrau terminal),"Payroll for administrative staff — Kyzylorda station, period 02 2026",-2445261.46,USD
TXN-B3-0015,2025-03-25,ACC-7203,Eastgate Realty Associates,District heating utility charge — Oskemen unit,-4746235.64,USD
TXN-F1-0006,2025-03-25,ACC-7301,Eastgate Facilities Trust Partners (Aktobe hub),"Business interruption insurance — Ekibastuz block B, January",-432501.38,USD
TXN-G2-0050,2025-03-25,ACC-7402,Bridgeport Telecom Holdings (Atyrau terminal),"Property tax rebate — Zhezkazgan compound, Q4 2025",3526170.04,USD
TXN-H3-0018,2025-03-25,ACC-7503,Dunmore Catering Holdings (Astana branch),Monthly payroll disbursement — Karaganda yard,-12136641.76,USD
TXN-S3-0012,2025-03-25,ACC-7003,Ironwood Security LP Partners,Corporate income tax instalment — April,-1637026.43,USD
TXN-X3-0032,2025-03-25,ACC-7832,Initech Software Licenses Company (Astana branch),"Retail unit rent — Kyzylorda station, period 04",-289484.69,USD
TXN-9465-0001,2025-03-26,ACC-9465,Cedarville Security Trust LLP,"Interest on escrow balance — Astana branch, August",16473124.46,USD
TXN-B2-0035,2025-03-26,ACC-7202,Hartley Office Supplies Partners Group (Taraz site),Water and sewer charge — Taraz site,-10887098.32,USD
TXN-9131-0024,2025-03-27,ACC-9131,Foxridge Property Associates (Pavlodar block),Parking garage lease — period 01 2024,-5114652.36,USD
TXN-9741-0031,2025-03-27,ACC-9741,Beacon Tax Advisors (Aktobe hub),"Unearned insurance premium return — Shymkent depot, Q4",870183.96,USD
TXN-B3-0010,2025-03-27,ACC-7203,State Revenue Committee Atyrau Office,Corporate income tax settlement for 2024,-684219.35,USD
TXN-B3-0012,2025-03-27,ACC-7203,Foxridge Property Associates Group,Interest true-up charge — Ekibastuz block B 2025,-9872190.56,USD
TXN-X2-0018,2025-03-27,ACC-7831,Kaspi Polymer Distribution LLP,Polymer resin sales settlement first half,16284733.51,USD
TXN-X2-0020,2025-03-27,ACC-7831,Juniper Uniforms Co Partners,Tax audit assessment payment,-8793841.43,USD
TXN-9176-0019,2025-03-28,ACC-9176,Dunmore Janitorial Services (Karaganda yard),Property tax rebate — Q1,13639931.14,USD
TXN-F1-0036,2025-03-28,ACC-7301,Foxridge Uniforms Partners Service Centre (Shymkent depot),"Group medical insurance premium — Almaty office, Q2 2025",-204810.94,USD
TXN-G2-0040,2025-03-28,ACC-7402,Ironwood Courier Co Works (Ekibastuz block B),Utility rebate received — period 03,5205866.77,USD
TXN-H1-0040,2025-03-28,ACC-7501,Foxridge Janitorial Group,"Payroll funding transfer — Oskemen unit, May 2025",-1124540.61,USD
TXN-H2-0037,2025-03-28,ACC-7502,Dunmore Stationery Inc Works (Kyzylorda station),Office rent — Zhezkazgan compound,-3440768.78,USD
TXN-J2-0040,2025-03-28,ACC-7602,Ironwood Utility Solutions Ltd,"Telecom services — Shymkent depot, October 2025",-192132.18,USD
TXN-J6-0011,2025-03-28,ACC-7606,Statewide Tax Authority (Ekibastuz block B),Property tax rebate — Q1,15854556.09,USD
TXN-X1-0002,2025-03-28,ACC-7830,Eastgate Landscaping LP,Sewer discharge levy — instalment 1,-198640.13,USD
TXN-9246-0004,2025-03-29,ACC-9246,Eastgate Security Holdings (Pavlodar block),"Warehouse contents insurance — Karaganda yard, instalment 1",-8003533.72,USD
TXN-9276-0013,2025-03-29,ACC-9276,Juniper Courier Ltd (Uralsk annex),"Interest income on treasury bills — Astana branch, period 04",2869163.35,USD
TXN-9349-0036,2025-03-29,ACC-9349,Cedarville Stationery Ltd,Corporate brand marketing programme — Almaty office,-8567447.65,USD
TXN-9729-0025,2025-03-29,ACC-9729,Juniper Office Supplies LP,Broadband telecom invoice — February,-14563288.82,USD
TXN-S1-0043,2025-03-29,ACC-7001,Glenwood Water Works LLC Supply (Zhezkazgan compound),"Rent deposit returned — Almaty office, October",4746888.51,USD
TXN-9083-0049,2025-03-30,ACC-9083,Eastgate Supply Ltd (Almaty office),"Point-of-sale marketing materials — Taraz site, period 03",-331977.18,USD
TXN-9730-0049,2025-03-30,ACC-9730,Ironwood Courier Co (Astana branch),Property insurance premium — Kostanay centre 2025,-325027.86,USD
TXN-9932-0047,2025-03-30,ACC-9932,Eastgate Landscaping LP Works (Aktobe hub),Payroll top-up transfer — Shymkent depot 2026,-10558215.45,USD
TXN-9934-0008,2025-03-30,ACC-9934,Dunmore Cleaning LP Works (Semey base),"Insurance broker rebate — Kostanay centre, instalment 1 2024",297707093.21,USD
TXN-9987-0028,2025-03-30,ACC-9987,Ashford Property Co,Hourly staff payroll — instalment 2,-14164272.23,USD
TXN-F2-0035,2025-03-30,ACC-7302,Juniper Utility Holdings (Ekibastuz block B),Quarterly estimated tax — Q3,-19823365.29,USD
TXN-G1-0047,2025-03-30,ACC-7401,Kingsley Payroll Trust (Kyzylorda station),Marketing overbilling refund 2024,1205259.83,USD
TXN-J1-0027,2025-03-30,ACC-7601,Bridgeport Supply LP,"Tax audit assessment payment — Astana branch, period 03",-6304895.36,USD
TXN-J4-0046,2025-03-30,ACC-7604,Ashford Supply Group Supply,Social tax remittance — period 01 2025,-7910865.32,USD
TXN-B2-0017,2025-03-31,ACC-7202,Cascade Water Utility Enterprise (Atyrau terminal),"Electricity overbilling refund — Shymkent depot, instalment 2",2349434.88,EUR
TXN-F2-0020,2025-03-31,ACC-7302,Cedarville Courier Holdings Group,Withholding tax reclaim received — Q3,1983808.53,USD
TXN-G1-0007,2025-03-31,ACC-7401,Ashford Security Company (Atyrau terminal),Unearned insurance premium return — Ekibastuz block B,14405921.11,USD
TXN-J2-0056,2025-03-31,ACC-7602,Cedarville Landscaping Partners (Uralsk annex),Payroll overfunding returned — May,10884662.28,USD
TXN-J5-0026,2025-03-31,ACC-7605,Eastgate Facilities Trust Ltd,Payroll bonus disbursement — December,-894753.05,EUR
TXN-KC-REV-24,2025-03-31,TELE-4471,Pan-Caspian Mobile Settlements,Mobile service revenue settlement Q1 2025,176419558.19,USD
TXN-9530-0044,2025-04-01,ACC-9530,Foxridge Catering Partners (Kostanay centre),Insurance claim reimbursement,1285683.87,USD
TXN-9532-0014,2025-04-01,ACC-9532,Kingsley Insurance Associates (Kostanay centre),Payroll for security detail — instalment 3 2026,-258367.07,USD
TXN-9761-0031,2025-04-01,ACC-9761,Dunmore Telecom Partners Holding,Hourly staff payroll — Atyrau terminal,-22432575.89,USD
TXN-9787-0049,2025-04-01,ACC-9787,Stalwart Mutual Insurance Company,"Business interruption insurance — Uralsk annex, August",-6265529.40,USD
TXN-G2-0010,2025-04-01,ACC-7402,Glenwood Maintenance Services Partners (Ekibastuz block B),Interest recovery on overpayment — Turkistan point,3912054.38,USD
TXN-H2-0010,2025-04-01,ACC-7502,Eastgate Consulting Co,Unused ad campaign budget returned — instalment 2,192040255.39,USD
TXN-H3-0019,2025-04-01,ACC-7503,Aktobe Terminal Properties LLP,Terminal warehouse lease payments 2025,-1203558.41,USD
TXN-9559-0041,2025-04-02,ACC-9559,Juniper Janitorial Ltd Service Centre,Interest rebate on early repayment — instalment 2,208107.93,USD
TXN-9845-0046,2025-04-02,ACC-9845,Statewide Tax Authority,Use tax payment — September,-238449.72,USD
TXN-9874-0001,2025-04-02,ACC-9874,Bridgeport Printing Holdings (Taraz site),"Marine cargo insurance premium — Kyzylorda station, period 02",-19072245.98,USD
TXN-9977-0042,2025-04-02,ACC-9977,Eastgate Payroll Co,"Interest on escrow balance — Almaty office, October 2026",403025.97,USD
TXN-G3-0006,2025-04-02,ACC-7403,Hartley Maintenance Partners (Kyzylorda station),Water charge adjustment credit — Aktobe hub,3661777.80,USD
TXN-J2-0022,2025-04-02,ACC-7602,Hartley Cleaning Inc Ltd (Ekibastuz block B),"Marine cargo insurance premium — Semey base, instalment 3 2024",-16485228.68,USD
TXN-J3-0002,2025-04-02,ACC-7603,Dunmore Insurance LP (Taraz site),Interest on overdraft sweep — Q2 2024,-11503430.32,USD
TXN-J4-0035,2025-04-02,ACC-7604,Ashford Telecom Solutions Group,Insurance broker rebate — Ekibastuz block B 2026,251686778.52,USD
TXN-J6-0052,2025-04-02,ACC-7606,Ironwood Courier Co (Oskemen unit),Environmental emissions tax — August 2024,-2127650.48,USD
TXN-9474-0039,2025-04-03,ACC-9474,Glenwood Building Services Solutions Enterprise (Semey base),Plant and boiler insurance premium — Q4,-4221562.09,USD
TXN-B5-0025,2025-04-03,ACC-7205,Hartley Facilities Services (Karaganda yard),Payroll top-up transfer — Uralsk annex,-5918449.62,EUR
TXN-H4-0017,2025-04-03,ACC-7504,Cedarville Printing Services Partners,Electricity network capacity charge 2026,-26832218.57,USD
TXN-H5-0009,2025-04-03,ACC-7505,Cedarville Power Co (Shymkent depot),Contractor payroll batch — Atyrau terminal,-346810.04,USD
TXN-H5-0043,2025-04-03,ACC-7505,Semey Industrial Properties LLP,Factory premises lease payments 2025,-842116.29,USD
TXN-J3-0052,2025-04-03,ACC-7603,Cedarville Office Supplies Associates,Municipal tax levy,-1938723.26,USD
TXN-KC-REV-04,2025-04-03,TELE-4471,Hartley Payroll LLC Trading House,Default interest charge — Ekibastuz block B 2025,-266515.03,USD
TXN-S2-0013,2025-04-03,ACC-7002,Cascade Water Utility JSC,"Rent deposit returned — Zhezkazgan compound, Q4 2025",271142.92,USD
TXN-S2-0028,2025-04-03,ACC-7002,Foxridge Power LLC (Kostanay centre),Property tax rebate — Atyrau terminal,2568141.95,EUR
TXN-X1-0040,2025-04-03,ACC-7830,Cedarville Power Co JSC,"Water supply charge — Astana branch, period 02",-437857.74,USD
TXN-G1-0005,2025-04-04,ACC-7401,Bridgeport Office Supplies,"Sublet rent received — Uralsk annex, final call",4893411.58,USD
TXN-G1-0013,2025-04-04,ACC-7401,Cedarville Printing Services (Ekibastuz block B),"Telecom mobile fleet plan — Turkistan point, Q2 2024",-739299.79,USD
TXN-G2-0034,2025-04-04,ACC-7402,Juniper Security Corp,"Tax assessment reversal — Kostanay centre, instalment 1 2024",290125187.52,USD
TXN-J1-0057,2025-04-04,ACC-7601,Lakeshore Insurance Brokers Supply (Astana branch),"Use tax payment — Shymkent depot, period 03",-14117176.28,USD
TXN-J2-0011,2025-04-04,ACC-7602,Juniper Uniforms Co Company,Radio ad campaign schedule — Uralsk annex 2024,-2752306.06,USD
TXN-J3-0023,2025-04-04,ACC-7603,Cedarville Utility Ltd (Astana branch),Interest income on term deposit — Karaganda yard 2025,2112532.11,USD
TXN-J6-0038,2025-04-04,ACC-7606,Foxridge Payroll Ltd Group (Shymkent depot),Workers comp insurance — instalment 3,-2236811.86,USD
TXN-9216-0042,2025-04-05,ACC-9216,Dunmore Power Ltd Partners,Rent for staff dormitory 2026,-21155887.31,USD
TXN-9340-0011,2025-04-05,ACC-9340,Juniper Telecom Inc Holding,Lease incentive received — instalment 1,250832.43,USD
TXN-9617-0031,2025-04-05,ACC-9617,Dunmore Stationery Inc (Zhezkazgan compound),Payroll top-up transfer — Atyrau terminal,-17240641.41,USD
TXN-9862-0023,2025-04-05,ACC-9862,Glenwood Logistics JSC,"Digital media buy — display — Astana branch, September 2024",-1383033.24,USD
TXN-G1-0029,2025-04-05,ACC-7401,Cedarville Property Inc (Atyrau terminal),"Revolver interest — Ekibastuz block B, September 2024",-617412.08,USD
TXN-H4-0053,2025-04-05,ACC-7504,Eastgate Property (Turkistan point),"Hourly staff payroll — Ekibastuz block B, instalment 2 2025",-4422649.48,USD
TXN-J1-0045,2025-04-05,ACC-7601,Cedarville Waste Systems Inc,Vehicle livery marketing application — April,-2690304.34,USD
TXN-S1-0008,2025-04-05,ACC-7001,Ashford Realty Ltd Enterprise (Ekibastuz block B),Antenna mast lease — June,-629405.24,USD
TXN-9763-0027,2025-04-06,ACC-9763,Kingsley Payroll Trust Enterprise (Taraz site),Directors and officers insurance — Zhezkazgan compound,-12114413.64,USD
TXN-B5-0028,2025-04-06,ACC-7205,Bridgeport Courier Solutions Enterprise (Zhezkazgan compound),"Water supply charge — Semey base, March 2024",-3288133.99,USD
TXN-J6-0024,2025-04-06,ACC-7606,Cedarville Security Trust (Zhezkazgan compound),Payroll advance recovered from staff — Kyzylorda station 2025,4792677.68,USD
TXN-S3-0058,2025-04-06,ACC-7003,Glenwood Utility Associates,Industry exhibition stand marketing,-19091950.47,USD
TXN-9244-0003,2025-04-07,ACC-9244,Glenwood Water Works LLC (Atyrau terminal),Marketing overbilling refund — Uralsk annex 2024,24773216.07,USD
TXN-9324-0045,2025-04-07,ACC-9324,Fairfield Leasing Partners Holding (Astana branch),Unused ad campaign budget returned 2025,1919114.16,USD
TXN-9586-0024,2025-04-07,ACC-9586,Eastgate Leasing Trust,"Lease incentive received — Kostanay centre, February 2024",10221656.75,USD
TXN-J4-0015,2025-04-07,ACC-7604,Lakeshore Insurance Brokers Company,Interest recovery on overpayment — instalment 3,309642.53,USD
TXN-J4-0043,2025-04-07,ACC-7604,Ashford Power LP Company,Monthly payroll disbursement 2025,-1355456.70,USD
TXN-J6-0046,2025-04-07,ACC-7606,Juniper Landscaping LLC (Zhezkazgan compound),Payroll funding transfer — instalment 3,-10715596.77,USD
TXN-X1-0011,2025-04-07,ACC-7830,Sentinel Insurance Group Group (Atyrau terminal),"Quarterly estimated tax — Turkistan point, April",-1678628.84,USD
TXN-9686-0036,2025-04-08,ACC-9686,Cascade Water Utility Company,Payroll for administrative staff — Atyrau terminal 2024,-17449482.85,USD
TXN-B2-0009,2025-04-08,ACC-7202,Ashford Supply Group Company,Corporate income tax instalment — Almaty office 2025,-460666.66,USD
TXN-B3-0024,2025-04-08,ACC-7203,Eastgate Property Trading House,Electricity overbilling refund — February,1929992.42,USD
TXN-H5-0045,2025-04-08,ACC-7505,Cedarville Uniforms Solutions Service Centre (Oskemen unit),"Excise tax payment — Zhezkazgan compound, period 02",-325460.42,USD
TXN-J4-0024,2025-04-08,ACC-7604,Dunmore Courier Services LLP,"Marketing volume rebate — Pavlodar block, period 02",6226354.91,USD
TXN-KC-FIN-35,2025-04-08,TELE-4471,Bridgeport Insurance Partners Works,Franchise tax filing — December 2025,-127576.81,USD
TXN-KC-FIN-45,2025-04-08,TELE-4471,Foxridge Waste Systems Associates Company,Rent for archive premises — August,-9341552.66,USD
TXN-9283-0027,2025-04-09,ACC-9283,Ironwood Leasing Partners (Semey base),Withholding tax reclaim received — December,3487443.26,USD
TXN-9897-0023,2025-04-09,ACC-9897,Dunmore Stationery Inc (Astana branch),"Telecom services — Kyzylorda station, October",-3143836.83,USD
TXN-B3-0045,2025-04-09,ACC-7203,Atyrau Management Services LLP,Ordinary-course management advisory fees,-203570.27,USD
TXN-F3-0021,2025-04-09,ACC-7303,Eastgate Utility LLC Works (Oskemen unit),District heating utility charge — Taraz site,-298031.30,USD
TXN-G3-0029,2025-04-09,ACC-7403,Dunmore Logistics Ltd,"Outdoor marketing site hire — Kostanay centre, period 03",-172681.11,USD
TXN-J3-0036,2025-04-09,ACC-7603,Eastgate Utility LLC LLP,Marketing volume rebate — instalment 2,203874.58,USD
TXN-J3-0068,2025-04-09,ACC-7603,Ashford Janitorial Trust (Almaty office),"Excise tax payment — Taraz site, Q3 2024",-3750441.92,EUR
TXN-J4-0026,2025-04-09,ACC-7604,Oskemen Plant Services LLP,Smelter servicing and furnace maintenance H1,-5926340.59,USD
TXN-X3-0021,2025-04-09,ACC-7832,KEGOC Grid Settlements LLP,Power dispatch sales settlement first half,19845206.74,USD
TXN-9150-0014,2025-04-10,ACC-9150,Dunmore Consulting Corp Company,Travel insurance for staff — Astana branch,-566933.84,USD
TXN-9745-0028,2025-04-10,ACC-9745,Bridgeport Property Ltd Service Centre,Water supply charge — Semey base,-1583562.01,USD
TXN-G2-0019,2025-04-10,ACC-7402,Lakeshore Insurance Brokers,Payroll top-up transfer — Uralsk annex 2024,-912609.92,USD
TXN-KC-OPX-08,2025-04-10,TELE-4471,FieldOps Network Services,Network operations and maintenance — full year,-202938950.99,USD
TXN-S3-0031,2025-04-10,ACC-7003,Harborview Properties Partners (Ekibastuz block B),"Cold store lease — Atyrau terminal, July",-2835457.36,USD
TXN-9038-0021,2025-04-11,ACC-9038,Glenwood Power (Karaganda yard),"Sublet rent received — Aktobe hub, Q3",9057016.70,USD
TXN-9103-0036,2025-04-11,ACC-9103,Bridgeport Janitorial Solutions (Astana branch),Point-of-sale marketing materials — Shymkent depot,-339084265.70,USD
TXN-9985-0036,2025-04-11,ACC-9985,Sterling Office Solutions,"Sewer discharge levy — Semey base, H2",-928273.69,USD
TXN-B5-0035,2025-04-11,ACC-7205,State Revenue Committee Qyzylorda Office,Corporate income tax settlement for 2024,-1127458.29,USD
TXN-F1-0030,2025-04-11,ACC-7301,Juniper Office Supplies LP Ltd,Marine cargo insurance premium — period 02,-2723703.21,USD
TXN-F3-0025,2025-04-11,ACC-7303,Ashford Payroll Partners JSC (Ekibastuz block B),Interest on trade facility — Taraz site,-4190625.97,USD
TXN-G2-0016,2025-04-11,ACC-7402,Hartley Power Associates Ltd,"Utility metering charge — Almaty office, period 01",-247346.05,USD
TXN-F1-0016,2025-04-12,ACC-7301,Ural Process Engineering LLP,Purchase of reactor vessel equipment,-1568051.22,USD
TXN-G1-0004,2025-04-12,ACC-7401,Juniper Consulting Associates,Interest on escrow balance — Oskemen unit 2026,1932339.14,USD
TXN-J1-0032,2025-04-12,ACC-7601,Juniper Payroll Associates (Shymkent depot),"Trade press marketing insertion — Atyrau terminal, period 03",-307938.49,USD
TXN-9227-0048,2025-04-13,ACC-9227,Ashford Leasing Inc (Almaty office),Marketing translation and localisation — Ekibastuz block B 2026,-12516031.45,USD
TXN-9433-0035,2025-04-13,ACC-9433,Beacon Tax Advisors Ltd,Withholding tax reclaim received — H1,3393589.73,USD
TXN-9743-0003,2025-04-13,ACC-9743,Foxridge Facilities Solutions (Pavlodar block),Rent for spare parts store 2024,-1760942.34,USD
TXN-9926-0049,2025-04-13,ACC-9926,Oakmont Property Management (Aktobe hub),Quarterly estimated tax — Astana branch,-185860.03,USD
TXN-H1-0002,2025-04-13,ACC-7501,Glenwood Building Services Solutions (Shymkent depot),Rent for archive premises — February,-431945.03,USD
TXN-H1-0029,2025-04-13,ACC-7501,Hartley Catering LP (Kostanay centre),"Executive payroll run — Shymkent depot, December",-180472.21,USD
TXN-H5-0057,2025-04-13,ACC-7505,Metro Waste Management (Karaganda yard),"Tax audit assessment payment — Ekibastuz block B, July 2026",-369454.74,USD
TXN-9043-0045,2025-04-14,ACC-9043,Ashford Utility Corp (Atyrau terminal),Default interest charge — Uralsk annex,-7813375.49,USD
TXN-9118-0013,2025-04-14,ACC-9118,Bridgeport Landscaping Services LLP,"Lease deposit released — Turkistan point, H2 2025",481345.66,USD
TXN-9509-0040,2025-04-14,ACC-9509,Glenwood Supply LLC (Ekibastuz block B),Insurance premium refund — Astana branch 2026,4612308.26,USD
TXN-G3-0039,2025-04-14,ACC-7403,Hartley Printing Co (Turkistan point),Marketing volume rebate — Q1,657238.10,USD
TXN-H1-0023,2025-04-14,ACC-7501,Trident Power Cooperative Enterprise,"Directors and officers insurance — Ekibastuz block B, June",-458769.24,EUR
TXN-X1-0077,2025-04-14,ACC-7830,Oakmont Property Management (Uralsk annex),"Insurance claim reimbursement — Uralsk annex, H1 2026",278951.75,USD
TXN-X3-0002,2025-04-14,ACC-7832,Dunmore Janitorial Services Works,Rent for spare parts store — January,-7341046.82,USD
TXN-9218-0048,2025-04-15,ACC-9218,Glenwood Janitorial LP (Atyrau terminal),"Radio ad campaign schedule — Almaty office, April",-214576138.90,USD
TXN-9471-0013,2025-04-15,ACC-9471,Cedarville Payroll LP Enterprise (Turkistan point),"Interest on finance sublease — Almaty office, period 04 2024",-440990.17,USD
TXN-9862-0050,2025-04-15,ACC-9862,Bridgeport Landscaping Services JSC,Professional indemnity insurance — Ekibastuz block B,-233053.78,USD
TXN-J1-0047,2025-04-15,ACC-7601,Kazakh Industrial Systems LLP,Cold storage equipment purchase,-1292795.26,USD
TXN-G2-0026,2025-04-16,ACC-7402,Glenwood Facilities Holdings (Pavlodar block),Fidelity bond insurance — July,-31254916.77,USD
TXN-J3-0014,2025-04-16,ACC-7603,Hartley Maintenance Partners,"Interest income on treasury bills — Astana branch, December",468172.96,USD
TXN-S3-0044,2025-04-16,ACC-7003,Cedarville Printing Services Ltd,Rent free period credit — period 04,212793.01,EUR
TXN-X2-0031,2025-04-16,ACC-7831,Aktobe Utilities Services LLP,Plant operating and maintenance costs 2025,-18663412.09,USD
TXN-9542-0017,2025-04-17,ACC-9542,Juniper Realty Partners,Marketing co-operative funding received — Uralsk annex 2025,2437226.71,USD
TXN-9978-0003,2025-04-17,ACC-9978,Ironwood Power Trust (Ekibastuz block B),"Rooftop lease — Pavlodar block, February",-4508812.80,EUR
TXN-B2-0016,2025-04-17,ACC-7202,Lakeshore Insurance Brokers (Zhezkazgan compound),Payroll overfunding returned — Zhezkazgan compound,8673898.02,USD
TXN-B3-0011,2025-04-17,ACC-7203,Statewide Tax Authority (Kostanay centre),Term loan interest — Ekibastuz block B 2024,-3549265.16,USD
TXN-B5-0038,2025-04-17,ACC-7205,Bridgeport Security Associates (Turkistan point),Payroll for security detail — Zhezkazgan compound,-177492.81,USD
TXN-F1-0008,2025-04-17,ACC-7301,Initech Software Licenses,"Political risk insurance — Taraz site, December",-24601709.40,USD
TXN-G2-0017,2025-04-17,ACC-7402,Semey Logistics Assets LLP,Intra-group transfer of warehouse equipment,-1180442.55,USD
TXN-H5-0017,2025-04-17,ACC-7505,Kingsley Facilities LP Service Centre (Uralsk annex),Vehicle tax payment — December,-159555.77,USD
TXN-9373-0021,2025-04-18,ACC-9373,Cedarville Janitorial Holdings (Oskemen unit),"Interest on overdraft sweep — Karaganda yard, instalment 1",-448916.70,USD
TXN-9814-0045,2025-04-18,ACC-9814,Ashford Waste Systems Co LLP,Electricity metering correction credit — instalment 2,269023291.13,USD
TXN-B2-0024,2025-04-18,ACC-7202,Caspian Emergency Works LLP,Emergency flood damage maintenance works,-984918.94,USD
TXN-B2-0039,2025-04-18,ACC-7202,Cascade Water Utility Supply (Zhezkazgan compound),"Insurance deductible recovery — Zhezkazgan compound, Q4",9561865.70,USD
TXN-J1-0075,2025-04-18,ACC-7601,Ironwood Telecom Ltd (Karaganda yard),Plant and boiler insurance premium 2024,-16594153.49,EUR
TXN-J3-0045,2025-04-18,ACC-7603,Otyrar Legal Consulting LLP,Legal and consulting fees 2025,-250000.04,USD
TXN-J5-0030,2025-04-18,ACC-7605,Bridgeport Catering Trust Supply,Vehicle livery marketing application,-2709685.81,USD
TXN-S1-0022,2025-04-18,ACC-7001,Tselina Materials Handling LLP,Purchase of warehouse forklift fleet and racking equipment,-1750207.59,USD
TXN-X1-0043,2025-04-18,ACC-7830,Eastgate Property Service Centre,Cold store lease — period 03 2024,-151030.13,USD
TXN-X1-0084,2025-04-18,ACC-7830,Cedarville Power Co (Atyrau terminal),Interest on bilateral facility — Atyrau terminal 2024,-711723.12,USD
TXN-X2-0051,2025-04-18,ACC-7831,Bridgeport Cleaning Partners (Karaganda yard),Rent free period credit 2024,11415327.57,USD
TXN-9112-0020,2025-04-19,ACC-9112,Bridgeport Courier Solutions (Kyzylorda station),"Industry exhibition stand marketing — Uralsk annex, December",-473627.11,USD
TXN-9886-0044,2025-04-19,ACC-9886,Ashford Uniforms Associates (Taraz site),"Telecom mobile fleet plan — Ekibastuz block B, September",-544231.38,USD
TXN-G3-0024,2025-04-19,ACC-7403,Eastgate Water Works Ltd (Pavlodar block),"Excise tax remittance — Uralsk annex, instalment 2",-1452614.89,USD
TXN-J3-0018,2025-04-19,ACC-7603,Glenwood Logistics (Kostanay centre),Advance profit tax instalment — September,-1699645.06,USD
TXN-KC-CAP-19,2025-04-19,TELE-4471,Hartley Consulting LLC (Taraz site),VAT refund received — July 2024,1747927.15,USD
TXN-X1-0061,2025-04-19,ACC-7830,Eastgate Janitorial Partners (Ekibastuz block B),Cyber insurance premium — March,-192840.12,USD
TXN-X2-0071,2025-04-19,ACC-7831,Ashford Cleaning Services (Taraz site),Electricity for pumping station — Astana branch 2026,-5476691.28,EUR
TXN-X2-0083,2025-04-19,ACC-7831,Bridgeport Stationery Co (Pavlodar block),"Broadband telecom invoice — Turkistan point, instalment 2 2025",-15355931.99,USD
TXN-J2-0050,2025-04-20,ACC-7602,Foxridge Tax Advisory Corp (Aktobe hub),"Unearned insurance premium return — Aktobe hub, July 2026",1221466.40,USD
TXN-S2-0047,2025-04-20,ACC-7002,Foxridge Security Services (Kyzylorda station),Interest on escrow balance — Atyrau terminal,3194798.20,USD
TXN-X3-0004,2025-04-20,ACC-7832,Bridgeport Facilities LLC Company,Rent for regional office — period 01 2026,-2525075.26,USD
TXN-9026-0015,2025-04-21,ACC-9026,Ashford Stationery Corp,Liability insurance 2026,-9552885.74,USD
TXN-9569-0022,2025-04-21,ACC-9569,Dunmore Logistics Ltd Ltd,Group insurance experience refund — Almaty office,2932939.99,USD
TXN-S2-0041,2025-04-21,ACC-7002,Glenwood Uniforms Group Enterprise,Storage unit rent — June,-7275208.22,USD
TXN-9233-0044,2025-04-22,ACC-9233,Eastgate Tax Advisory LP,Storage unit rent — instalment 1 2024,-1533716.01,USD
TXN-9338-0050,2025-04-22,ACC-9338,Ironwood Facilities Partners,Payroll advance recovered from staff — Almaty office,275185.15,USD
TXN-9491-0005,2025-04-22,ACC-9491,Eastgate Waste Systems,Insurance premium refund — Ekibastuz block B,1357306.30,USD
TXN-9946-0007,2025-04-22,ACC-9946,Cedarville Insurance Group JSC,Social tax remittance — instalment 1,-6913975.28,USD
TXN-F2-0063,2025-04-22,ACC-7302,Ironwood Insurance LLC Works,Term loan interest — May 2025,-17668504.79,USD
TXN-H3-0020,2025-04-22,ACC-7503,Cedarville Office Supplies Associates (Oskemen unit),"Unclaimed payroll returned — Semey base, January",2683182.77,EUR
TXN-H3-0053,2025-04-22,ACC-7503,Bridgeport Cleaning Partners,Electricity overbilling refund — November,14761181.73,USD
TXN-J2-0044,2025-04-22,ACC-7602,Cedarville Security Trust Holding,Cold store lease — Semey base 2025,-410110.67,USD
TXN-J6-0017,2025-04-22,ACC-7606,Kazakh Industrial Systems LLP,Pipeline metering equipment purchase 2025,-2551757.64,USD
TXN-X1-0055,2025-04-22,ACC-7830,Turgai Capital Partners LLP,Management advisory retainer,-641882.35,USD
TXN-X3-0042,2025-04-22,ACC-7832,Juniper Janitorial Ltd (Aktobe hub),"Electricity metering correction credit — Shymkent depot, September",2394002.85,USD
TXN-9010-0007,2025-04-23,ACC-9010,Dunmore Logistics Ltd Service Centre,Printed marketing collateral run — March,-1088000.82,USD
TXN-9459-0018,2025-04-23,ACC-9459,Juniper Payroll Associates (Pavlodar block),Payroll tranche for field crew — January 2025,-792226.68,USD
TXN-B2-0056,2025-04-23,ACC-7202,Eastgate Power Inc (Turkistan point),"Sewer discharge levy — Oskemen unit, Q3 2026",-5185046.88,USD
TXN-KC-FIN-48,2025-04-23,TELE-4471,Foxridge Printing LP (Kostanay centre),Digital media buy — search — April,-11180117.34,USD
TXN-S2-0040,2025-04-23,ACC-7002,Glenwood Water Works LLC Enterprise,Term loan interest — instalment 3,-198764.58,USD
TXN-S3-0028,2025-04-23,ACC-7003,Ashford Stationery Corp Ltd,Insurance deductible recovery — Q2 2025,1631258.40,EUR
TXN-F2-0038,2025-04-24,ACC-7302,Juniper Logistics Solutions (Almaty office),"Municipal tax levy — Aktobe hub, March",-9615497.97,USD
TXN-J6-0004,2025-04-24,ACC-7606,Eastgate Stationery LLC,"Excise tax payment — Oskemen unit, March",-31578847.44,USD
TXN-S2-0008,2025-04-24,ACC-7002,Dunmore Courier Services,Electricity for site lighting — August 2026,-2328791.64,USD
TXN-9493-0041,2025-04-25,ACC-9493,Eastgate Consulting Co Works,Advance profit tax instalment 2025,-2153779.06,USD
TXN-F2-0039,2025-04-25,ACC-7302,Blue Ridge Payroll Services (Shymkent depot),Insurance claim reimbursement — Atyrau terminal 2025,1411642.67,USD
TXN-F2-0047,2025-04-25,ACC-7302,Eastgate Courier Partners,Franchise tax filing — period 02 2025,-419681.40,USD
TXN-G3-0005,2025-04-25,ACC-7403,Juniper Uniforms Co LLP,"Unearned insurance premium return — Shymkent depot, Q4",1900280.75,USD
TXN-S3-0010,2025-04-25,ACC-7003,Ishim Mechanical Services LLP,Conveyor belt maintenance servicing,-512537.05,USD
TXN-X3-0008,2025-04-25,ACC-7832,Foxridge Waste Systems Associates (Astana branch),"Fidelity bond insurance — Aktobe hub, Q3 2025",-355679.46,USD
TXN-9002-0016,2025-04-26,ACC-9002,Juniper Printing Inc (Oskemen unit),"Industry exhibition stand marketing — Oskemen unit, period 02",-364296090.15,USD
TXN-9009-0023,2025-04-26,ACC-9009,Eastgate Janitorial Partners,Waste water charge — Taraz site 2024,-2999479.61,USD
TXN-9156-0043,2025-04-26,ACC-9156,Hartley Catering LP (Pavlodar block),"Franchise tax filing — Pavlodar block, September 2025",-2313218.13,USD
TXN-H1-0035,2025-04-26,ACC-7501,Foxridge Waste Systems Associates (Almaty office),Quarterly estimated tax 2024,-188662.57,USD
TXN-H4-0022,2025-04-26,ACC-7504,Bridgeport Tax Advisory Services (Aktobe hub),Auto fleet insurance — August,-10988978.43,USD
TXN-KC-OPX-53,2025-04-26,TELE-4471,Bridgeport Stationery Co (Atyrau terminal),"Utility deposit returned — Ekibastuz block B, March 2024",4226888.67,USD
TXN-9775-0014,2025-04-27,ACC-9775,Cedarville Supply Corp (Aktobe hub),Interest credited on current account,2230958.52,USD
TXN-H1-0053,2025-04-27,ACC-7501,Dunmore Security Solutions Partners,Customs duty and tax payment — final call,-556415.01,USD
TXN-H4-0055,2025-04-27,ACC-7504,Ironwood Office Supplies Group,Property tax rebate — Ekibastuz block B,4261262.41,USD
TXN-J3-0069,2025-04-27,ACC-7603,Foxridge Supply Inc (Karaganda yard),"Marketing volume rebate — Atyrau terminal, Q4 2026",3678902.53,USD
TXN-9668-0036,2025-04-28,ACC-9668,Ashford Leasing Inc (Uralsk annex),Marketing agency credit note — March,7989443.52,USD
TXN-9869-0018,2025-04-28,ACC-9869,Eastgate Insurance Corp,"Payroll for warehouse staff — Oskemen unit, March",-231694.35,USD
TXN-9980-0015,2025-04-28,ACC-9980,Hartley Water Works Supply,Rent for staff dormitory — Oskemen unit,-10116716.41,USD
TXN-S2-0014,2025-04-28,ACC-7002,Ironwood Utility Solutions,"Antenna mast lease — Shymkent depot, Q4",-5224890.77,USD
TXN-S3-0024,2025-04-28,ACC-7003,Eastgate Realty Associates Supply,Auto fleet insurance — Taraz site,-302858.13,USD
TXN-9114-0023,2025-04-29,ACC-9114,Foxridge Water Works Inc (Zhezkazgan compound),Environmental emissions tax — instalment 2,-7723596.97,USD
TXN-9364-0012,2025-04-29,ACC-9364,Foxridge Utility Ltd,"Overdraft interest — Semey base, February",-790873.54,USD
TXN-9480-0031,2025-04-29,ACC-9480,Dunmore Cleaning LP (Kyzylorda station),Interest income on treasury bills — Shymkent depot 2025,123235864.14,USD
TXN-B2-0048,2025-04-29,ACC-7202,Bridgeport Building Services Inc Ltd,Rent free period credit — September 2024,1469776.45,USD
TXN-F2-0006,2025-04-29,ACC-7302,Juniper Printing Inc,"Workers comp insurance — Semey base, May",-1307394.15,USD
TXN-F3-0056,2025-04-29,ACC-7303,Eastgate Power Inc Group,Revolver interest — Atyrau terminal,-472257.98,EUR
TXN-H2-0003,2025-04-29,ACC-7502,Hartley Office Supplies Partners (Taraz site),"Utility deposit returned — Taraz site, Q2",1810137.14,USD
TXN-J1-0030,2025-04-29,ACC-7601,Glenwood Realty Solutions Group,"Quarterly interest coupon — Almaty office, instalment 2",-2449832.16,USD
TXN-KC-CON-52,2025-04-29,TELE-4471,Bridgeport Uniforms Trust Works,"Accrued interest payment — Turkistan point, instalment 3 2024",-437889.16,USD
TXN-S1-0001,2025-04-29,ACC-7001,Bridgeport Office Supplies (Semey base),"Industry exhibition stand marketing — Uralsk annex, December",-392166.48,USD
TXN-X3-0074,2025-04-29,ACC-7832,Dunmore Consulting Corp (Zhezkazgan compound),Telecom leased line — November 2024,-512184.72,USD
TXN-9160-0050,2025-04-30,ACC-9160,Bridgeport Logistics Corp (Shymkent depot),Payroll tranche for field crew — January 2025,-1449408.38,USD
TXN-9653-0014,2025-04-30,ACC-9653,Foxridge Utility,Payroll clearing account sweep back — Zhezkazgan compound,10166319.32,USD
TXN-9759-0038,2025-04-30,ACC-9759,Juniper Leasing Group (Almaty office),"Payroll clearing account sweep back — Semey base, period 04 2024",8840694.15,USD
TXN-9870-0010,2025-04-30,ACC-9870,Ironwood Insurance LLC (Taraz site),Municipal water charge — Karaganda yard,-11285658.96,USD
TXN-F2-0069,2025-04-30,ACC-7302,Esentai Property Management LLP,Retail premises lease payments 2025,-1046332.77,USD
TXN-H5-0022,2025-04-30,ACC-7505,Eastgate Realty Associates Works (Almaty office),Payroll for administrative staff — Q1,-2109694.88,USD
TXN-X2-0004,2025-04-30,ACC-7831,Ironwood Realty Services Group (Zhezkazgan compound),"Revolver interest — Karaganda yard, July",-1994851.32,USD
TXN-9626-0019,2025-05-01,ACC-9626,Dunmore Power Ltd (Karaganda yard),"Term loan interest — Taraz site, October 2025",-35960185.41,USD
TXN-G2-0042,2025-05-01,ACC-7402,Bridgeport Facilities LLC,"Telecom mobile fleet plan — Taraz site, Q2",-360290.81,USD
TXN-9237-0040,2025-05-02,ACC-9237,Hartley Office Supplies Partners (Shymkent depot),Payroll advance recovered from staff — period 04,110757583.29,USD
TXN-9721-0014,2025-05-02,ACC-9721,Eastgate Security Holdings Supply,Interest on trade facility — April,-10238812.70,USD
TXN-B3-0042,2025-05-02,ACC-7203,Dunmore Printing Partners (Semey base),Property insurance premium — Zhezkazgan compound 2026,-15686738.68,USD
TXN-G3-0047,2025-05-02,ACC-7403,Juniper Payroll Associates (Semey base),Water supply charge — instalment 3,-807478.21,USD
TXN-H3-0016,2025-05-02,ACC-7503,Juniper Utility Holdings Holding,"Franchise tax filing — Turkistan point, instalment 2 2025",-9128918.34,USD
TXN-J3-0048,2025-05-02,ACC-7603,Foxridge Logistics LLC JSC (Karaganda yard),"Property tax rebate — Kyzylorda station, Q1",779792.57,USD
TXN-X1-0041,2025-05-02,ACC-7830,Riverside Realty Trust Supply,"Travel insurance for staff — Pavlodar block, October 2024",-10620532.42,USD
TXN-9200-0025,2025-05-03,ACC-9200,Umbrella Facilities Mgmt (Astana branch),Plant and boiler insurance premium — Semey base,-123815.21,USD
TXN-9334-0015,2025-05-03,ACC-9334,Ironwood Building Services Services Enterprise,Capitalised interest charge — Almaty office,-216935.56,USD
TXN-9485-0026,2025-05-03,ACC-9485,Eastgate Payroll Co LLP (Kyzylorda station),Excise tax credit received — Pavlodar block,33206254.06,USD
TXN-G3-0051,2025-05-03,ACC-7403,Ashford Uniforms Associates Ltd,Radio ad campaign schedule — Q4,-4765231.30,USD
TXN-H3-0013,2025-05-03,ACC-7503,Dunmore Waste Systems LLC Enterprise,"Tax assessment reversal — Ekibastuz block B, H1 2026",1519313.86,USD
TXN-H4-0035,2025-05-03,ACC-7504,Oakmont Property Management,"Interest on finance sublease — Uralsk annex, period 03",-518948.28,USD
TXN-S1-0039,2025-05-03,ACC-7001,Harborview Properties (Karaganda yard),Franchise tax filing — period 02 2026,-312915.57,USD
TXN-S3-0041,2025-05-03,ACC-7003,Bridgeport Tax Advisory Services (Kostanay centre),"Trade press marketing insertion — Zhezkazgan compound, September",-2149601.20,USD
TXN-X2-0032,2025-05-03,ACC-7831,Foxridge Leasing Solutions Supply (Aktobe hub),"Payroll agency rebate — Pavlodar block, April",420683.89,USD
TXN-9379-0003,2025-05-04,ACC-9379,Hartley Telecom Co Works,"Marketing agency creative fees — Karaganda yard, October 2026",-78444.76,USD
TXN-9913-0034,2025-05-04,ACC-9913,Foxridge Office Supplies Holdings Company,"Tax assessment reversal — Uralsk annex, October 2026",268817.65,USD
TXN-B3-0014,2025-05-04,ACC-7203,Bridgeport Uniforms Trust (Aktobe hub),Group insurance experience refund — instalment 3 2025,216153.17,USD
TXN-F1-0052,2025-05-04,ACC-7301,Glenwood Facilities Holdings Enterprise,Parking garage lease — period 01 2025,-203936.53,USD
TXN-H3-0001,2025-05-04,ACC-7503,Eastgate Property (Uralsk annex),Marketing translation and localisation — February,-4530663.35,USD
TXN-J1-0095,2025-05-04,ACC-7601,Ashford Power LP (Taraz site),Tax overpayment refunded — November 2024,3185510.99,USD
TXN-J5-0025,2025-05-04,ACC-7605,Hartley Security Group (Pavlodar block),Water charge adjustment credit — February 2026,953521.79,USD
TXN-X3-0046,2025-05-04,ACC-7832,Umbrella Facilities Mgmt (Uralsk annex),"Sublet rent received — Semey base, June",2788532.44,USD
TXN-9017-0026,2025-05-05,ACC-9017,Glenwood Telecom Corp (Zhezkazgan compound),Unearned insurance premium return — Q3 2025,501936.77,USD
TXN-9293-0004,2025-05-05,ACC-9293,Eastgate Leasing Trust (Uralsk annex),Motor third-party insurance — instalment 3 2024,-15252551.03,USD
TXN-9561-0037,2025-05-05,ACC-9561,Ashford Utility Corp Trading House,Excise tax credit received — July 2025,5149558.04,USD
TXN-H1-0008,2025-05-05,ACC-7501,Bridgeport Supply LP (Kostanay centre),"Rent deposit returned — Zhezkazgan compound, Q4",154892457.60,USD
TXN-H2-0016,2025-05-05,ACC-7502,Foxridge Telecom LP,"Telecom services — Uralsk annex, April",-119119.73,USD
TXN-X1-0054,2025-05-05,ACC-7830,Bridgeport Catering Trust (Astana branch),Default interest charge — H2,-30603965.31,USD
TXN-9027-0001,2025-05-06,ACC-9027,Dunmore Property LLC,Equipment yard lease — Astana branch,-2296871.35,USD
TXN-9552-0032,2025-05-06,ACC-9552,Ashford Catering Associates (Atyrau terminal),Payroll for administrative staff — July,-3022488.43,USD
TXN-B2-0040,2025-05-06,ACC-7202,Tethys Marine Insurance JSC,Insurance excess settled on the flood damage claim,-587342.16,USD
TXN-F1-0018,2025-05-06,ACC-7301,Statewide Tax Authority (Semey base),Corporate brand marketing programme — Shymkent depot 2025,-671752.98,USD
TXN-F3-0049,2025-05-06,ACC-7303,Hartley Building Services Holdings Enterprise,Telecom service credit received — September 2025,267491.01,USD
TXN-F3-0055,2025-05-06,ACC-7303,Dunmore Insurance LP Group,"Property tax payment — Kostanay centre, June",-25203849.60,USD
TXN-H4-0021,2025-05-06,ACC-7504,Eurasian Development Bank,Facility drawdown for grid connection works,,USD
TXN-9070-0050,2025-05-07,ACC-9070,Glenwood Water Works LLC (Aktobe hub),"Water and sewer charge — Astana branch, January",-3726137.39,EUR
TXN-9185-0043,2025-05-07,ACC-9185,Foxridge Logistics LLC,"Trade press marketing insertion — Taraz site, December 2024",-436856.42,USD
TXN-9510-0016,2025-05-07,ACC-9510,Halcyon Facilities Group,Business interruption insurance — August,-1506508.45,USD
TXN-9573-0015,2025-05-07,ACC-9573,Foxridge Tax Advisory Corp (Shymkent depot),Professional indemnity insurance — Turkistan point,-3567360.62,USD
TXN-9998-0039,2025-05-07,ACC-9998,Ashford Payroll Partners (Zhezkazgan compound),Business interruption insurance,-1721018.88,USD
TXN-H3-0036,2025-05-07,ACC-7503,Cedarville Catering Solutions Ltd (Zhezkazgan compound),Radio ad campaign schedule — Uralsk annex 2024,-2751368.38,USD
TXN-J2-0055,2025-05-07,ACC-7602,Beacon Tax Advisors (Semey base),Tax overpayment refunded — Shymkent depot,640187.37,USD
TXN-9009-0007,2025-05-08,ACC-9009,Lakeshore Insurance Brokers (Pavlodar block),Marine cargo insurance premium — Kostanay centre,-1506982.83,USD
TXN-9294-0003,2025-05-08,ACC-9294,Foxridge Telecom LP (Aktobe hub),Municipal tax levy — Ekibastuz block B,-7931146.48,USD
TXN-9925-0011,2025-05-08,ACC-9925,Juniper Utility Holdings,Interest on bridge facility — December,-5603731.62,USD
TXN-G3-0002,2025-05-08,ACC-7403,Eurasian Development Bank,Promissory note proceeds,1061447.66,USD
TXN-J5-0014,2025-05-08,ACC-7605,Kazakh Industrial Systems LLP,Flotation equipment purchase 2025,-1381503.51,USD
TXN-X2-0039,2025-05-08,ACC-7831,Kingsley Power Holdings (Pavlodar block),Unclaimed payroll returned — Semey base 2026,1401455.91,USD
TXN-G2-0008,2025-05-09,ACC-7402,Juniper Supply Trust (Zhezkazgan compound),Political risk insurance — Astana branch 2026,-8690417.85,USD
TXN-H2-0025,2025-05-09,ACC-7502,Juniper Building Services Partners,Warehouse contents insurance — October,-10136338.46,USD
TXN-H3-0032,2025-05-09,ACC-7503,Aktobe Bridge Finance Advisers,Advisory engagement on bridge financing,-349880.63,USD
TXN-S2-0032,2025-05-09,ACC-7002,Almaty Media Partners LLP,Regional billboard ad campaign,-254812.36,USD
TXN-X1-0012,2025-05-09,ACC-7830,Ural Silo Engineering LLP,Purchase of grain silo handling equipment,-3176842.15,USD
TXN-9360-0023,2025-05-10,ACC-9360,Glenwood Consulting Inc (Ekibastuz block B),Municipal water charge — October,-2397030.95,USD
TXN-9584-0022,2025-05-10,ACC-9584,Ashford Tax Advisory Holdings Company,"Trade press marketing insertion — Uralsk annex, final call 2024",-5164160.91,USD
TXN-9702-0019,2025-05-10,ACC-9702,Juniper Supply Trust Service Centre,"Rent for staff dormitory — Zhezkazgan compound, September",-140198.81,USD
TXN-H5-0037,2025-05-10,ACC-7505,Glenwood Courier LP JSC,Payroll advance recovered from staff — March 2026,1364070.64,USD
TXN-KC-MKT-26,2025-05-10,TELE-4471,Sterling Office Solutions Partners (Uralsk annex),Insurance claim reimbursement — March,7786986.46,USD
TXN-X3-0017,2025-05-10,ACC-7832,Umbrella Facilities Mgmt (Uralsk annex),Payroll clearing account sweep back — Taraz site 2026,1180534.51,USD
TXN-9457-0035,2025-05-11,ACC-9457,Hartley Waste Systems Solutions (Taraz site),"Travel insurance for staff — Almaty office, September 2026",-2746139.09,USD
TXN-9830-0043,2025-05-11,ACC-9830,Ashford Janitorial Trust (Pavlodar block),"Marketing agency creative fees — Kostanay centre, period 03",-1341471.76,USD
TXN-9991-0014,2025-05-11,ACC-9991,Dunmore Courier Services Holding,"Rent overpayment refunded — Oskemen unit, Q4",1401783.54,USD
TXN-B2-0050,2025-05-11,ACC-7202,Glenwood Waste Systems Trust Group,"Sewer discharge levy — Atyrau terminal, July",-511951.98,USD
TXN-F1-0007,2025-05-11,ACC-7301,Dunmore Janitorial Services (Almaty office),Rent deposit returned — Astana branch,17455228.76,USD
TXN-F1-0027,2025-05-11,ACC-7301,Ironwood Courier Co Service Centre,"District heating utility charge — Aktobe hub, Q3",-2415444.92,USD
TXN-KC-CAP-11,2025-05-12,TELE-4471,Nordic Radio Systems,5G radio access network equipment purchase,-224733993.52,USD
TXN-S2-0027,2025-05-12,ACC-7002,Bridgeport Maintenance Service Centre (Pavlodar block),Property insurance premium — Kyzylorda station 2025,-1027416.31,USD
TXN-9899-0042,2025-05-13,ACC-9899,Glenwood Insurance Ltd Ltd,Natural gas utility — Karaganda yard,-2385009.17,USD
TXN-G1-0024,2025-05-13,ACC-7401,Ashford Logistics LP Trading House (Taraz site),"Payroll agency rebate — Pavlodar block, April",242074862.40,USD
TXN-H2-0015,2025-05-13,ACC-7502,Juniper Insurance,"Insurance claim reimbursement — Karaganda yard, period 04 2025",1656382.74,USD
TXN-J2-0037,2025-05-13,ACC-7602,Kingsley Water Works Solutions,Utility rebate received — Q1,2792256.02,USD
TXN-X2-0016,2025-05-13,ACC-7831,Ironwood Property Holdings Enterprise,Auto fleet insurance — Kyzylorda station,-4111364.37,USD
TXN-9532-0046,2025-05-14,ACC-9532,Cedarville Printing Services,"Marketing overbilling refund — Pavlodar block, final call",6216174.91,USD
TXN-9606-0031,2025-05-14,ACC-9606,Hartley Property Solutions Service Centre,Insurance broker rebate — instalment 2,574710.23,USD
TXN-9656-0048,2025-05-14,ACC-9656,Cedarville Realty LLC,Payroll accrual funding — Turkistan point,-840367.12,USD
TXN-F2-0025,2025-05-14,ACC-7302,Ironwood Courier Co JSC (Kyzylorda station),Term loan interest — Uralsk annex 2025,-212499.76,USD
TXN-F3-0010,2025-05-14,ACC-7303,Bühler Grain Systems LLP,Purchase of grain silo equipment,-1831339.05,USD
TXN-G1-0008,2025-05-14,ACC-7401,Ashford Maintenance LLC LLP (Semey base),Water supply charge — period 02 2025,-487400.44,USD
TXN-G1-0014,2025-05-14,ACC-7401,Kokshetau Facility Services LLP,Plant maintenance and servicing works 2025,-4500060.59,USD
TXN-J2-0039,2025-05-14,ACC-7602,Irtysh Engineering Advisers LLP,Technical advisory retainer,-664501.33,USD
TXN-J4-0011,2025-05-14,ACC-7604,Ironwood Payroll (Karaganda yard),Sewer discharge levy — Uralsk annex,-6257184.05,USD
TXN-J4-0037,2025-05-14,ACC-7604,Bridgeport Realty Inc Works (Atyrau terminal),Equipment yard lease — March 2024,-1111330.88,USD
TXN-S3-0030,2025-05-14,ACC-7003,Hartley Waste Systems Solutions (Ekibastuz block B),"Interest income on term deposit — Turkistan point, May",509792.39,USD
TXN-X3-0033,2025-05-14,ACC-7832,Evergreen Janitorial (Astana branch),"Unclaimed payroll returned — Shymkent depot, period 02",262258.57,USD
TXN-X3-0040,2025-05-14,ACC-7832,Ekibastuz Plant Services LLP,Generating unit operating and maintenance costs 2025,-24617833.28,USD
TXN-9515-0042,2025-05-15,ACC-9515,Eastgate Landscaping LP (Almaty office),Excise tax payment 2025,-578225.60,USD
TXN-9564-0036,2025-05-15,ACC-9564,Bridgeport Telecom Holdings (Semey base),Insurance broker rebate — period 03 2026,2494895.25,USD
TXN-9805-0047,2025-05-15,ACC-9805,City Power & Light Ltd,Plant and boiler insurance premium,-254405.62,USD
TXN-G1-0046,2025-05-15,ACC-7401,Trident Power Cooperative (Oskemen unit),"Marketing translation and localisation — Oskemen unit, June",-4768039.99,USD
TXN-J4-0038,2025-05-15,ACC-7604,Juniper Building Services Partners (Kyzylorda station),"Electricity overbilling refund — Astana branch, period 03 2026",400100.09,USD
TXN-S3-0022,2025-05-15,ACC-7003,Foxridge Logistics LLC (Uralsk annex),"Property insurance premium — Astana branch, July",-13050226.44,USD
TXN-9115-0003,2025-05-16,ACC-9115,Sentinel Insurance Group (Semey base),"Contractor payroll batch — Taraz site, December",-135804.30,USD
TXN-9478-0014,2025-05-16,ACC-9478,Dunmore Payroll Corp (Shymkent depot),Payroll for night shift — August,-652460.67,USD
TXN-9614-0029,2025-05-16,ACC-9614,Cedarville Security Trust Holding (Taraz site),Vehicle tax payment — Q2,-754931.95,USD
TXN-G3-0013,2025-05-16,ACC-7403,Bridgeport Printing Holdings (Ekibastuz block B),Severance payroll batch — February 2026,-2850371.36,USD
TXN-J2-0012,2025-05-16,ACC-7602,Foxridge Telecom LP Holding (Ekibastuz block B),Payroll clearing account sweep back — December 2024,246031.70,USD
TXN-J6-0035,2025-05-16,ACC-7606,Bridgeport Realty Inc Works,"VAT refund received — Pavlodar block, Q4",2580526.60,EUR
TXN-S2-0038,2025-05-16,ACC-7002,Capital Stationers (Astana branch),Interest on escrow balance — H2 2024,6189365.48,USD
TXN-X3-0022,2025-05-16,ACC-7832,Glenwood Consulting Inc Works,"Contractor payroll batch — Kostanay centre, February",-10139926.14,USD
TXN-X3-0055,2025-05-16,ACC-7832,Globex Telecom Supply,Electricity overbilling refund — Shymkent depot,422523.02,USD
TXN-9002-0050,2025-05-17,ACC-9002,Ashford Waste Systems Co (Aktobe hub),"Marketing volume rebate — Astana branch, final call",6531446.32,USD
TXN-9479-0034,2025-05-17,ACC-9479,Juniper Maintenance LP (Pavlodar block),"Contractor payroll batch — Pavlodar block, period 02",-457967.24,USD
TXN-9606-0026,2025-05-17,ACC-9606,Globex Telecom JSC,Corporate brand marketing programme — H1,-12214287.43,USD
TXN-9805-0031,2025-05-17,ACC-9805,Bridgeport Telecom Holdings,Depot yard rent — Zhezkazgan compound,-9762566.29,USD
TXN-B2-0013,2025-05-17,ACC-7202,Ironwood Cleaning LLC (Almaty office),"Industry exhibition stand marketing — Uralsk annex, Q1",-948660.32,USD
TXN-F1-0055,2025-05-17,ACC-7301,Ironwood Janitorial Co Company,Marketing co-operative funding received — Uralsk annex 2025,13896796.49,USD
TXN-H5-0019,2025-05-17,ACC-7505,Juniper Telecom Inc (Turkistan point),"Payroll funding transfer — Almaty office, October",-989540.40,USD
TXN-J4-0081,2025-05-17,ACC-7604,Bridgeport Office Supplies (Almaty office),Compressed air utility charge — Zhezkazgan compound,-2055507.38,USD
TXN-9050-0005,2025-05-18,ACC-9050,Juniper Utility Holdings JSC (Shymkent depot),Fidelity bond insurance — Pavlodar block 2025,-258950342.12,USD
TXN-9609-0012,2025-05-18,ACC-9609,Ashford Janitorial Trust Holding,Property tax rebate,420642.42,USD
TXN-B3-0005,2025-05-18,ACC-7203,Juniper Courier Ltd,Parking garage lease — August 2026,-19245287.50,USD
TXN-F1-0005,2025-05-18,ACC-7301,Juniper Leasing Group (Atyrau terminal),"Storage unit rent — Kostanay centre, H2 2024",-405027.76,USD
TXN-G3-0011,2025-05-18,ACC-7403,Ashford Building Services Ltd LLP,Electricity overbilling refund — Karaganda yard,9469646.93,USD
TXN-H1-0044,2025-05-18,ACC-7501,Alpen Infrastruktur Finanz GmbH,Cross-border facility interest payment,-602415.90,EUR
TXN-S1-0005,2025-05-18,ACC-7001,Foxridge Cleaning Co (Almaty office),Corporate brand marketing programme,-8409532.43,USD
TXN-9081-0028,2025-05-19,ACC-9081,Dunmore Building Services (Semey base),Interest on escrow balance — Q4,368589.08,USD
TXN-9289-0010,2025-05-19,ACC-9289,Ironwood Power Trust Enterprise (Karaganda yard),Marketing research panel subscription — November 2026,-3819073.71,USD
TXN-9469-0037,2025-05-19,ACC-9469,Glenwood Power (Zhezkazgan compound),"Payroll for warehouse staff — Turkistan point, period 02",-5764831.35,USD
TXN-9851-0037,2025-05-19,ACC-9851,Dunmore Stationery Inc (Semey base),Rent deposit returned — period 01,8388655.14,USD
TXN-9942-0033,2025-05-19,ACC-9942,Eastgate Cleaning Corp (Oskemen unit),Storage unit rent — Ekibastuz block B,-335566.40,USD
TXN-B2-0021,2025-05-19,ACC-7202,Bridgeport Uniforms Trust Trading House,Tax overpayment refunded — Pavlodar block,1346569.83,USD
TXN-H5-0062,2025-05-19,ACC-7505,Juniper Catering Co (Almaty office),Interest rebate on early repayment — Shymkent depot,1433592.36,USD
TXN-KC-OPX-21,2025-05-19,TELE-4471,Sentinel Insurance Group (Shymkent depot),Marketing co-operative funding received — Almaty office,1793658.69,USD
TXN-S3-0019,2025-05-19,ACC-7003,Bühler Grain Systems LLP,Grain silo aeration equipment,-2231849.65,USD
TXN-X2-0052,2025-05-19,ACC-7831,Aktobe Extrusion Works LLP,Purchase of extrusion line equipment,-3120884.37,USD
TXN-9032-0006,2025-05-20,ACC-9032,Eastgate Catering Services Enterprise (Kostanay centre),"Accrued interest payment — Semey base, H2",-1515712.68,USD
TXN-9128-0020,2025-05-20,ACC-9128,Juniper Utility Holdings (Oskemen unit),"Payroll for night shift — Kyzylorda station, February 2025",-195737.49,USD
TXN-9428-0009,2025-05-20,ACC-9428,Initech Software Licenses Holding,"Marketing research panel subscription — Ekibastuz block B, instalment 1",-3843660.34,USD
TXN-F2-0043,2025-05-20,ACC-7302,Astana Outdoor Media LLP,Second-quarter advertising media buy,-245468.71,USD
TXN-H5-0056,2025-05-20,ACC-7505,Cedarville Catering Solutions (Atyrau terminal),"Overdraft interest — Semey base, February",-10227163.84,USD
TXN-S1-0014,2025-05-20,ACC-7001,Ironwood Leasing Partners Supply (Almaty office),"Warehouse contents insurance — Pavlodar block, June",-1091835.34,USD
TXN-X3-0019,2025-05-20,ACC-7832,Eastgate Power Inc (Turkistan point),Property tax rebate — period 03,513086.88,USD
TXN-9338-0046,2025-05-21,ACC-9338,Cedarville Printing Services (Shymkent depot),Capitalised interest charge — instalment 3,-180719.39,USD
TXN-B2-0041,2025-05-21,ACC-7202,Eastgate Security Holdings,Lease deposit released — final call,1239783.31,USD
TXN-B3-0031,2025-05-21,ACC-7203,Ironwood Utility Solutions Works,Warehouse contents insurance — October,-2118796.64,USD
TXN-S2-0036,2025-05-21,ACC-7002,Foxridge Telecom LP (Shymkent depot),Depot yard rent — Aktobe hub 2024,-1943077.83,USD
TXN-X2-0066,2025-05-21,ACC-7831,Foxridge Logistics LLC (Aktobe hub),Municipal water charge — Taraz site 2025,-269808.29,USD
TXN-9022-0031,2025-05-22,ACC-9022,Bridgeport Waste Systems Ltd,"VAT instalment — Taraz site, H1",-1424477.59,USD
TXN-B2-0049,2025-05-22,ACC-7202,Ural Turbine Works LLP,Purchase of turbine generator equipment,-2632543.20,USD
TXN-F1-0049,2025-05-22,ACC-7301,Fairfield Leasing Partners (Uralsk annex),Broadband telecom invoice — January,-352350.34,USD
TXN-F2-0015,2025-05-22,ACC-7302,Ironwood Janitorial Co (Semey base),Utility deposit returned — September,10980906.08,USD
TXN-F2-0034,2025-05-22,ACC-7302,Eastgate Insurance Corp (Karaganda yard),"Standby generator electricity — Kostanay centre, October 2025",-565121.61,USD
TXN-H2-0046,2025-05-22,ACC-7502,Bühler Grain Systems LLP,Purchase of grain silo equipment,-1642880.53,USD
TXN-J1-0100,2025-05-22,ACC-7601,Almaty Facility Services LLP,Cold store servicing and maintenance Q2,-1646084.95,USD
TXN-J6-0001,2025-05-22,ACC-7606,Foxridge Realty Trust (Shymkent depot),"Withholding tax remittance — Kostanay centre, period 01",-1674366.61,USD
TXN-S2-0026,2025-05-22,ACC-7002,Ashford Building Services Ltd,Excise tax payment — Almaty office,-3783021.36,USD
TXN-X2-0045,2025-05-22,ACC-7831,Hartley Insurance Inc Holding,Accrued interest payment — Ekibastuz block B,-4077499.58,USD
TXN-9442-0007,2025-05-23,ACC-9442,Dunmore Security Solutions (Ekibastuz block B),"Digital media buy — search — Uralsk annex, July 2025",-667797.56,USD
TXN-9520-0048,2025-05-23,ACC-9520,Cedarville Realty LLC (Almaty office),Hourly staff payroll — Pavlodar block,-5069588.44,USD
TXN-9568-0023,2025-05-23,ACC-9568,Dunmore Courier Services (Karaganda yard),Interest on finance sublease — July 2024,-5467422.63,USD
TXN-9614-0031,2025-05-23,ACC-9614,Cedarville Consulting LP Partners (Pavlodar block),Equipment yard lease — Oskemen unit,-3560478.23,USD
TXN-9876-0021,2025-05-23,ACC-9876,Juniper Telecom Inc (Taraz site),Workers comp insurance — Atyrau terminal,-1807555.01,USD
TXN-F1-0026,2025-05-23,ACC-7301,Dunmore Security Solutions (Semey base),Insurance broker rebate — December 2026,3788650.69,USD
TXN-F3-0014,2025-05-23,ACC-7303,Ironwood Office Supplies Group Supply (Semey base),"Severance payroll batch — Semey base, June",-6041478.02,USD
TXN-H1-0056,2025-05-23,ACC-7501,Dunmore Leasing Associates,Severance payroll batch,-1560378.05,USD
TXN-H4-0045,2025-05-23,ACC-7504,Ironwood Waste Systems Holdings Company,Withholding tax reclaim received — H1,1095789.52,USD
TXN-H5-0048,2025-05-23,ACC-7505,Ironwood Printing Ltd,Payroll overfunding returned — Turkistan point,360030.75,USD
TXN-S3-0015,2025-05-23,ACC-7003,Ironwood Waste Systems Holdings (Pavlodar block),Electricity overbilling refund — Karaganda yard,3168075.55,USD
TXN-X3-0013,2025-05-23,ACC-7832,Bridgeport Cleaning Partners (Ekibastuz block B),Capitalised interest charge — Shymkent depot,-16487521.22,USD
TXN-9398-0014,2025-05-24,ACC-9398,Eastgate Utility LLC (Semey base),Rent free period credit — Q3,628461.31,USD
TXN-H1-0003,2025-05-24,ACC-7501,Dunmore Property LLC (Shymkent depot),Corporate income tax instalment — Uralsk annex,-375956.47,USD
TXN-J2-0048,2025-05-24,ACC-7602,Cedarville Leasing (Pavlodar block),Rent free period credit 2026,261448.15,USD
TXN-KC-CAP-08,2025-05-24,TELE-4471,Hartley Tax Advisory Ltd Group (Astana branch),Interest on bilateral facility — Taraz site 2024,-340891.23,USD
TXN-9022-0028,2025-05-25,ACC-9022,Glenwood Building Services Solutions (Aktobe hub),Sublet rent received — period 01,3796146.59,USD
TXN-9693-0026,2025-05-25,ACC-9693,Bridgeport Landscaping Services (Uralsk annex),Insurance premium refund — Astana branch 2026,4356548.15,USD
TXN-F3-0054,2025-05-25,ACC-7303,Ashford Building Services Ltd (Kyzylorda station),Executive payroll run — Shymkent depot 2024,-10867662.54,USD
TXN-G3-0025,2025-05-25,ACC-7403,Hartley Insurance Inc JSC,Group medical insurance premium — Ekibastuz block B 2024,-407117.14,USD
TXN-9684-0033,2025-05-26,ACC-9684,Foxridge Leasing Solutions (Uralsk annex),Natural gas utility — Almaty office,-101375.54,EUR
TXN-9749-0027,2025-05-26,ACC-9749,Cedarville Tax Advisory Partners (Shymkent depot),Payroll for security detail — Zhezkazgan compound,-31366242.81,USD
TXN-9882-0039,2025-05-26,ACC-9882,Hartley Telecom Co,Excise tax payment — instalment 3,-3799241.46,USD
TXN-F3-0034,2025-05-26,ACC-7303,Eastgate Office Supplies Solutions (Uralsk annex),Municipal water charge — final call,-12621585.96,USD
TXN-F1-0015,2025-05-27,ACC-7301,Glenwood Courier LP Service Centre,District heating utility charge — July 2026,-155386.62,USD
TXN-F3-0008,2025-05-27,ACC-7303,Dunmore Stationery Inc (Almaty office),Electricity metering correction credit — Shymkent depot,5797412.92,USD
TXN-F3-0043,2025-05-27,ACC-7303,Kazakhinstrakh Grain Cover JSC,Insurance premiums on grain storage assets 2025,-284617.42,USD
TXN-J1-0031,2025-05-27,ACC-7601,Eastgate Facilities Trust (Taraz site),Utility metering charge — Kostanay centre,-208051.97,USD
TXN-J4-0020,2025-05-27,ACC-7604,Oskemen Rolling Mill LLP,Rolling equipment transfer to group entity,-820899.28,USD
TXN-J4-0084,2025-05-27,ACC-7604,Glenwood Stationery Associates (Shymkent depot),Municipal tax levy — Astana branch 2025,-22451337.23,USD
TXN-J6-0015,2025-05-27,ACC-7606,Vanguard Payroll Co Enterprise,Payroll bonus disbursement — Q4,-13198322.12,USD
TXN-9864-0011,2025-05-28,ACC-9864,Juniper Water Works Trust Group,"Payroll top-up transfer — Karaganda yard, instalment 2 2024",-368010.07,EUR
TXN-B2-0020,2025-05-28,ACC-7202,Bridgeport Leasing LLC (Kyzylorda station),Insurance deductible recovery — Uralsk annex,12246211.49,USD
TXN-B3-0016,2025-05-28,ACC-7203,Eastgate Consulting Co (Oskemen unit),"Warehouse lease — Uralsk annex, period 01 2026",-123987213.26,USD
TXN-G2-0037,2025-05-28,ACC-7402,Eastgate Logistics Inc,Vehicle livery marketing application — H1,-8673836.40,USD
TXN-J3-0058,2025-05-28,ACC-7603,Eastgate Printing Group Company (Kyzylorda station),VAT instalment — April,-228228.37,USD
TXN-X1-0004,2025-05-28,ACC-7830,Foxridge Stationery (Turkistan point),"Interest on overdraft sweep — Karaganda yard, Q4 2024",-738410.84,USD
TXN-F3-0038,2025-05-29,ACC-7303,Bridgeport Courier Solutions,Marketing agency credit note — final call 2024,3806180.63,USD
TXN-F3-0047,2025-05-29,ACC-7303,Ashford Water Works Group Service Centre (Aktobe hub),Payroll agency rebate — March,2763644.82,USD
TXN-J2-0004,2025-05-29,ACC-7602,Foxridge Insurance Co (Zhezkazgan compound),Industry exhibition stand marketing — Oskemen unit,-875632.49,USD
TXN-X3-0060,2025-05-29,ACC-7832,Foxridge Power LLC Works,Interest on bilateral facility — period 04 2024,-467793.27,USD
TXN-9511-0036,2025-05-30,ACC-9511,Bridgeport Property Ltd JSC,"Retail unit rent — Semey base, H1",-12322587.63,USD
TXN-9642-0002,2025-05-30,ACC-9642,Glenwood Catering Group Group (Astana branch),"Interest on escrow balance — Almaty office, October 2026",251849.32,USD
TXN-9692-0037,2025-05-30,ACC-9692,Eastgate Printing Group (Oskemen unit),Insurance deductible recovery — Q2 2025,4814849.01,USD
TXN-B3-0041,2025-05-30,ACC-7203,Juniper Utility Holdings Service Centre (Semey base),Interest recovery on overpayment — Oskemen unit,1192279.36,USD
TXN-H1-0013,2025-05-30,ACC-7501,Hartley Power Associates (Semey base),"Municipal water charge — Turkistan point, August",-6005150.35,USD
TXN-H3-0011,2025-05-30,ACC-7503,Glenwood Consulting Inc (Almaty office),"Electricity bill — Kostanay centre, instalment 3",-162689281.90,USD
TXN-H4-0024,2025-05-30,ACC-7504,Dunmore Courier Services JSC,Executive payroll run — instalment 2,-1074913.73,USD
TXN-J3-0031,2025-05-30,ACC-7603,Ontustik Energy Supply JSC,Electricity supply charges 2025,-168194.94,USD
TXN-J4-0042,2025-05-30,ACC-7604,Juniper Tax Advisory LLC Trading House,"Environmental liability insurance — Zhezkazgan compound, H2 2024",-1679818.63,USD
TXN-J4-0045,2025-05-30,ACC-7604,Bridgeport Maintenance Group (Semey base),"Hourly staff payroll — Uralsk annex, February",-236749597.66,USD
TXN-S2-0016,2025-05-30,ACC-7002,Hartley Power Associates Partners,Payroll for drivers — Q2,-322292.36,USD
TXN-X1-0027,2025-05-30,ACC-7830,Juniper Catering Co,"Interest income on treasury bills — Astana branch, December",4967494.37,USD
TXN-X1-0081,2025-05-30,ACC-7830,Sarybel Logistics Group LLP,Freight logistics consulting engagement,-297164.58,USD
TXN-X3-0016,2025-05-30,ACC-7832,Sentinel Insurance Group (Semey base),"Liability insurance — Oskemen unit, June",-1016798.32,USD
TXN-9104-0010,2025-05-31,ACC-9104,Dunmore Landscaping Group JSC,Electricity metering correction credit — Kostanay centre,1614662.83,USD
TXN-9553-0047,2025-05-31,ACC-9553,Bridgeport Courier Solutions (Ekibastuz block B),Electricity overbilling refund — instalment 3,5619979.08,USD
TXN-B3-0037,2025-05-31,ACC-7203,Globex Telecom LLP,Business interruption insurance — instalment 1 2026,-1698297.49,USD
TXN-F1-0034,2025-05-31,ACC-7301,Cedarville Security Trust Company (Uralsk annex),Hourly staff payroll — final call,-1684828.34,USD
TXN-F1-0058,2025-05-31,ACC-7301,Bridgeport Payroll Group (Almaty office),Depot yard rent — Uralsk annex 2026,-441354.61,USD
TXN-H5-0021,2025-05-31,ACC-7505,Cedarville Stationery Ltd LLP (Aktobe hub),Excise tax payment — May 2026,-33803868.82,USD
TXN-H5-0053,2025-05-31,ACC-7505,Ironwood Office Supplies Group (Kyzylorda station),"Interest rebate on early repayment — Karaganda yard, June",3481179.51,USD
TXN-J2-0049,2025-05-31,ACC-7602,Cedarville Logistics Co (Shymkent depot),"Rent free period credit — Atyrau terminal, instalment 1",13560836.96,USD
TXN-S1-0024,2025-05-31,ACC-7001,Foxridge Office Supplies Holdings,Contractor payroll batch 2025,-15118656.89,USD
TXN-9440-0006,2025-06-01,ACC-9440,Bridgeport Utility Co (Uralsk annex),Construction all-risk insurance — Karaganda yard,-509204.06,USD
TXN-9727-0010,2025-06-01,ACC-9727,Cedarville Logistics Co JSC,Interest on bilateral facility — period 01,-2672804.19,USD
TXN-B2-0005,2025-06-01,ACC-7202,Mangystau Utilities LLP,Routine plant maintenance and operating costs,-3575363.14,USD
TXN-KC-MKT-24,2025-06-01,TELE-4471,Hartley Courier Corp Works,"Marketing agency credit note — Kostanay centre, Q2",4526101.23,USD
TXN-9541-0041,2025-06-02,ACC-9541,Eastgate Insurance Corp Works (Zhezkazgan compound),Revolver interest — June,-3236049.13,USD
TXN-9654-0026,2025-06-02,ACC-9654,Cascade Water Utility Partners,"Standby generator electricity — Kyzylorda station, H1 2024",-1920455.07,USD
TXN-9735-0050,2025-06-02,ACC-9735,Ashford Utility Corp Partners,Franchise tax filing — October 2026,-2101668.44,EUR
TXN-B5-0012,2025-06-02,ACC-7205,Dunmore Payroll Corp,Contractor payroll batch — Turkistan point 2025,-1960878.86,USD
TXN-G3-0012,2025-06-02,ACC-7403,Summit Telecom Group,Severance payroll batch — November,-4653855.23,USD
TXN-KC-CON-24,2025-06-02,TELE-4471,Hartley Logistics Associates,Travel insurance for staff — August,-4000563.69,USD
TXN-S1-0036,2025-06-02,ACC-7001,Ashford Stationery Corp (Karaganda yard),Monthly payroll disbursement — Pavlodar block,-490045.22,USD
TXN-9373-0001,2025-06-03,ACC-9373,Cedarville Facilities (Karaganda yard),Payroll advance recovered from staff — period 02,6057916.57,USD
TXN-9664-0001,2025-06-03,ACC-9664,Ironwood Stationery Solutions JSC (Kyzylorda station),"Marketing translation and localisation — Karaganda yard, final call",-2248708.70,USD
TXN-B3-0004,2025-06-03,ACC-7203,Caspian Media Group LLP,Brand marketing campaign,-255845.95,USD
TXN-H2-0038,2025-06-03,ACC-7502,Kostanay Field Services LLP,Rail siding servicing and operating costs,-3402915.66,USD
TXN-H2-0050,2025-06-03,ACC-7502,Bridgeport Security Associates (Zhezkazgan compound),"Land tax instalment — Astana branch, Q2",-1102776.58,USD
TXN-J6-0013,2025-06-03,ACC-7606,Foxridge Tax Advisory Corp,"Payroll funding transfer — Semey base, May",-15157932.27,USD
TXN-S2-0011,2025-06-03,ACC-7002,Eastgate Security Holdings (Turkistan point),"Utility deposit returned — Kostanay centre, H1",1060221.58,USD
TXN-X2-0042,2025-06-03,ACC-7831,Foxridge Property Associates (Semey base),Interest on trade facility,-536225.43,USD
TXN-9573-0010,2025-06-04,ACC-9573,Ironwood Power Trust Supply,"Warehouse lease — Uralsk annex, period 01 2026",-1421687.73,USD
TXN-F3-0011,2025-06-04,ACC-7303,Ashford Realty Ltd (Atyrau terminal),Electricity overbilling refund — period 01,9775465.87,USD
TXN-G2-0009,2025-06-04,ACC-7402,Ironwood Stationery Solutions (Uralsk annex),Customer newsletter marketing production — Kyzylorda station,-148518.11,USD
TXN-J1-0069,2025-06-04,ACC-7601,Ashford Uniforms Associates (Shymkent depot),Digital media buy — display — Taraz site,-1183196.14,USD
TXN-F3-0007,2025-06-05,ACC-7303,Ashford Waste Systems Co Service Centre,Capitalised interest charge — October 2025,-1335179.67,USD
TXN-G3-0026,2025-06-05,ACC-7403,Cascade Water Utility (Taraz site),"Trade press marketing insertion — Uralsk annex, H1 2026",-165666.79,USD
TXN-H1-0015,2025-06-05,ACC-7501,Ashford Realty Ltd (Taraz site),Insurance broker rebate — Atyrau terminal 2026,26795668.76,USD
TXN-H3-0023,2025-06-05,ACC-7503,Dunmore Waste Systems LLC Enterprise,"Natural gas utility — Uralsk annex, period 03",-2757808.15,USD
TXN-H5-0042,2025-06-05,ACC-7505,Tengri Brand Studio,Brand advisory engagement,-132880.47,USD
TXN-F3-0053,2025-06-06,ACC-7303,Northwind Catering,Outdoor marketing site hire 2026,-524957.91,USD
TXN-S1-0023,2025-06-06,ACC-7001,Ironwood Stationery Solutions,"Auto fleet insurance — Aktobe hub, period 04 2026",-14475148.03,USD
TXN-9005-0044,2025-06-07,ACC-9005,Evergreen Janitorial,"Electricity for pumping station — Kostanay centre, January",-9080365.36,USD
TXN-9106-0048,2025-06-07,ACC-9106,Bridgeport Landscaping Services (Pavlodar block),"Interest income on term deposit — Turkistan point, January",1644368.30,USD
TXN-9351-0038,2025-06-07,ACC-9351,Cedarville Consulting LP (Turkistan point),Warehouse contents insurance — Oskemen unit,-5978299.01,USD
TXN-9434-0007,2025-06-07,ACC-9434,Dunmore Waste Systems LLC (Turkistan point),Interest rebate on early repayment — Aktobe hub 2025,10769630.87,USD
TXN-G2-0054,2025-06-07,ACC-7402,Bridgeport Catering Trust (Aktobe hub),Fidelity bond insurance — Atyrau terminal,-8701885.87,USD
TXN-9181-0001,2025-06-08,ACC-9181,Glenwood Building Services Solutions,Electricity overbilling refund 2025,1855647.82,USD
TXN-9453-0037,2025-06-08,ACC-9453,Cedarville Water Works Corp Partners,"Utility rebate received — Kyzylorda station, December",160076.52,USD
TXN-9798-0041,2025-06-08,ACC-9798,Juniper Maintenance LP,"Hourly staff payroll — Atyrau terminal, June",-26090005.30,USD
TXN-B2-0044,2025-06-08,ACC-7202,Cedarville Courier Holdings (Almaty office),Accrued interest payment — Q4,-8711753.95,USD
TXN-G1-0012,2025-06-08,ACC-7401,Hartley Stationery Trust (Almaty office),Property tax rebate 2024,1578902.70,USD
TXN-9903-0047,2025-06-09,ACC-9903,Dunmore Utility Inc (Zhezkazgan compound),Telecom services — Ekibastuz block B,-134013416.75,USD
TXN-B5-0010,2025-06-09,ACC-7205,Dunmore Property LLC Group,Payroll for warehouse staff 2024,-3142028.14,USD
TXN-J2-0013,2025-06-09,ACC-7602,Foxridge Tax Advisory Corp JSC,Excise tax remittance 2026,-2213146.53,USD
TXN-G2-0033,2025-06-10,ACC-7402,Eastgate Building Services Associates Company (Atyrau terminal),Rent for staff dormitory — Oskemen unit,-385085.91,USD
TXN-G2-0003,2025-06-11,ACC-7402,Alatau Advisory Partners LLP,Management advisory retainer,-268204.55,USD
TXN-J4-0006,2025-06-11,ACC-7604,Kingsley Office Supplies Corp Ltd,Tax penalty settlement charge,-1255618.79,USD
TXN-J6-0036,2025-06-11,ACC-7606,Hartley Uniforms LP Service Centre (Pavlodar block),"Water charge adjustment credit — Karaganda yard, October 2024",266106.52,USD
TXN-S1-0011,2025-06-11,ACC-7001,Altyn Capital LLP,Management retainer fee,-307410.14,USD
TXN-S3-0027,2025-06-11,ACC-7003,Ashford Stationery Corp Ltd,Telecom service credit received — Semey base 2024,377713.49,USD
TXN-X2-0047,2025-06-11,ACC-7831,Ural Plant Decommissioning LLP,Non-recurring extruder line refurbishment programme,-2341668.72,USD
TXN-9386-0019,2025-06-12,ACC-9386,Cedarville Catering Solutions LLP,"Interest on senior notes — Pavlodar block, June",-1262318.93,USD
TXN-9718-0034,2025-06-12,ACC-9718,Ironwood Insurance LLC,Utility deposit returned — Karaganda yard,11632639.98,USD
TXN-9923-0042,2025-06-12,ACC-9923,Juniper Cleaning (Ekibastuz block B),Marketing agency credit note — Turkistan point 2026,4214648.01,USD
TXN-G1-0016,2025-06-12,ACC-7401,Hartley Power Associates LLP,"Auto fleet insurance — Ekibastuz block B, March 2024",-1430965.53,USD
TXN-H3-0040,2025-06-12,ACC-7503,Aktobe Depot Services LLP,Depot servicing and operating costs,-4901335.72,USD
TXN-J1-0015,2025-06-12,ACC-7601,Cedarville Realty LLC Enterprise,Interest recovery on overpayment — Ekibastuz block B,2154280.88,USD
TXN-J3-0033,2025-06-12,ACC-7603,Glenwood Courier LP JSC (Atyrau terminal),Marketing translation and localisation — Astana branch,-485454.01,USD
TXN-J6-0023,2025-06-12,ACC-7606,Granger Utilities Holding Partners,Marketing translation and localisation — final call 2025,-1784903.56,USD
TXN-S3-0003,2025-06-12,ACC-7003,Blue Ridge Payroll Services (Atyrau terminal),VAT refund received — H2,253710.42,USD
TXN-9073-0049,2025-06-13,ACC-9073,Juniper Building Services Partners (Atyrau terminal),Waste water charge — Q4 2025,-243121.62,USD
TXN-9174-0017,2025-06-13,ACC-9174,Ashford Catering Associates (Ekibastuz block B),Interest income on term deposit — Oskemen unit,11064721.78,USD
TXN-B2-0053,2025-06-13,ACC-7202,Kingsley Water Works Solutions LLP (Semey base),"Fidelity bond insurance — Semey base, H1 2025",-2367202.03,USD
TXN-B5-0046,2025-06-13,ACC-7205,Glenwood Utility Associates (Aktobe hub),"Payroll for night shift — Kyzylorda station, March",-1233804.38,USD
TXN-J6-0034,2025-06-14,ACC-7606,Northwind Catering (Uralsk annex),"Franchise tax filing — Taraz site, August",-15035609.69,USD
TXN-S1-0002,2025-06-14,ACC-7001,Bridgeport Logistics Corp (Pavlodar block),"Capitalised interest charge — Oskemen unit, period 03 2025",-517811.42,USD
TXN-9238-0033,2025-06-15,ACC-9238,Dunmore Realty,Telecom mobile fleet plan — Atyrau terminal 2025,-678881.25,USD
TXN-9423-0017,2025-06-15,ACC-9423,Eastgate Maintenance Solutions (Atyrau terminal),Franchise tax filing — Semey base,-2011316.91,USD
TXN-B5-0041,2025-06-15,ACC-7205,Ashford Maintenance LLC (Taraz site),Unearned insurance premium return — September,2207538.30,USD
TXN-G2-0044,2025-06-15,ACC-7402,Juniper Water Works Trust,Franchise tax filing — Astana branch,-436277.08,USD
TXN-G3-0036,2025-06-15,ACC-7403,Ashford Utility Corp (Aktobe hub),"Industry exhibition stand marketing — Oskemen unit, period 02",-1161992.70,USD
TXN-J1-0067,2025-06-15,ACC-7601,Dunmore Building Services LLP,"Credit facility interest — Kyzylorda station, final call",-4859570.84,USD
TXN-9034-0024,2025-06-16,ACC-9034,Halcyon Facilities Group (Uralsk annex),Revolver interest — Turkistan point,-5149703.80,USD
TXN-9309-0017,2025-06-16,ACC-9309,Fairfield Leasing Partners Trading House,"Credit facility interest — Semey base, October",-13166590.25,USD
TXN-9787-0027,2025-06-16,ACC-9787,Ashford Maintenance LLC (Zhezkazgan compound),Rent deposit returned — August 2024,25233474.36,USD
TXN-9893-0008,2025-06-16,ACC-9893,Cedarville Cleaning Group LLP,"Land tax instalment — Turkistan point, May",-240209.06,USD
TXN-B2-0037,2025-06-16,ACC-7202,Bridgeport Leasing LLC (Kyzylorda station),Radio ad campaign schedule — September 2024,-11224782.82,USD
TXN-F2-0022,2025-06-16,ACC-7302,Ashford Insurance Services JSC,"Advance profit tax instalment — Pavlodar block, September 2025",-1763852.15,USD
TXN-H2-0019,2025-06-16,ACC-7502,Ashford Tax Advisory Holdings,Excise tax credit received — Taraz site,259909.14,USD
TXN-S1-0016,2025-06-16,ACC-7001,Ironwood Catering Corp (Kyzylorda station),"Overdraft interest — Karaganda yard, July",-12188219.11,USD
TXN-X2-0078,2025-06-16,ACC-7831,Cedarville Building Services LLC (Uralsk annex),Excise tax credit received — March,5421731.15,USD
TXN-9081-0050,2025-06-17,ACC-9081,Ashford Landscaping Holdings (Kostanay centre),"Electricity metering correction credit — Uralsk annex, instalment 2 2025",690549.68,USD
TXN-9823-0026,2025-06-17,ACC-9823,Kingsley Office Supplies Corp (Zhezkazgan compound),"Rooftop lease — Ekibastuz block B, July 2025",-145873.39,USD
TXN-G3-0016,2025-06-17,ACC-7403,Initech Software Licenses (Taraz site),Payroll funding transfer — Shymkent depot,-1483112.39,USD
TXN-G3-0048,2025-06-17,ACC-7403,Juniper Janitorial Ltd (Kostanay centre),Payroll clearing account sweep back — Semey base,1149793.55,USD
TXN-H4-0014,2025-06-17,ACC-7504,Juniper Facilities Group LLP (Turkistan point),Tax assessment reversal — Almaty office,15967634.15,USD
TXN-J5-0042,2025-06-17,ACC-7605,Dunmore Security Solutions Supply,Liability insurance — Almaty office,-323764.60,USD
TXN-J6-0039,2025-06-17,ACC-7606,Capital Stationers Enterprise,Digital media buy — search — April,-12897809.86,USD
TXN-X3-0061,2025-06-17,ACC-7832,Eastgate Utility LLC (Semey base),Fidelity bond insurance — Oskemen unit,-4710376.84,USD
TXN-9598-0044,2025-06-18,ACC-9598,Ashford Cleaning Services Trading House,"Liability insurance — Taraz site, Q3",-1661487.03,USD
TXN-B3-0029,2025-06-18,ACC-7203,Bridgeport Insurance Partners Enterprise (Oskemen unit),"Unearned insurance premium return — Pavlodar block, instalment 2 2026",12514478.08,USD
TXN-B5-0004,2025-06-18,ACC-7205,Qyzylorda Rail Operations LLP,Rail siding maintenance and operating costs,-4863278.27,USD
TXN-H3-0042,2025-06-18,ACC-7503,Cedarville Water Works Corp (Pavlodar block),"Water and sewer charge — Karaganda yard, Q2",-191188.87,USD
TXN-H4-0044,2025-06-18,ACC-7504,Bridgeport Building Services Inc (Almaty office),"Directors and officers insurance — Astana branch, Q2 2025",-10320896.96,USD
TXN-J1-0046,2025-06-18,ACC-7601,Kaspi Food Retail JSC,Refrigerated haulage sales settlement Q2,2476877.77,USD
TXN-KC-MKT-05,2025-06-18,TELE-4471,Almaty Brand Agency,Brand relaunch media buy campaign,-20284662.18,USD
TXN-KC-MKT-20,2025-06-18,TELE-4471,Hartley Water Works JSC (Uralsk annex),Marine cargo insurance premium — October,-6287219.49,USD
TXN-9239-0048,2025-06-19,ACC-9239,Ashford Security (Almaty office),"Environmental emissions tax — Kostanay centre, period 04 2024",-18942601.77,USD
TXN-9268-0028,2025-06-19,ACC-9268,Juniper Tax Advisory LLC Service Centre,"Telecom service credit received — Aktobe hub, August 2025",13441237.72,USD
TXN-G1-0003,2025-06-19,ACC-7401,Foxridge Payroll Ltd (Shymkent depot),Revolver interest — Zhezkazgan compound 2024,-1661452.38,USD
TXN-G1-0048,2025-06-19,ACC-7401,Astana Capital Advisers LLP,Management advisory retainer,-312904.17,USD
TXN-G2-0011,2025-06-19,ACC-7402,Dunmore Stationery Inc Service Centre (Almaty office),Motor third-party insurance,-2767995.69,USD
TXN-H1-0026,2025-06-19,ACC-7501,Foxridge Consulting Ltd (Turkistan point),"Construction all-risk insurance — Karaganda yard, February",-44609883.48,USD
TXN-H3-0050,2025-06-19,ACC-7503,Cedarville Payroll LP,Payroll agency rebate — instalment 3,152249815.74,EUR
TXN-J3-0071,2025-06-19,ACC-7603,Foxridge Telecom LP (Turkistan point),Interest recovery on overpayment — H2 2026,2396905.11,USD
TXN-S3-0055,2025-06-19,ACC-7003,Glenwood Telecom Corp (Astana branch),Media buy rate adjustment credit — H2 2026,633935.93,USD
TXN-9413-0016,2025-06-20,ACC-9413,Hartley Utility Trust Trading House,Tax penalty settlement charge — instalment 1 2025,-395693.16,USD
TXN-F3-0016,2025-06-20,ACC-7303,Turkestan Rail Operations LLP,Rail handling and maintenance costs,-4104743.55,USD
TXN-H1-0038,2025-06-20,ACC-7501,Juniper Power Solutions (Turkistan point),Payroll for laboratory staff — instalment 2,-4098577.15,USD
TXN-H3-0047,2025-06-20,ACC-7503,Eastgate Stationery LLC (Karaganda yard),Marketing agency credit note — Atyrau terminal,281068331.81,USD
TXN-H5-0059,2025-06-20,ACC-7505,Glenwood Payroll Inc JSC,Capitalised interest charge — Pavlodar block,-361860028.25,USD
TXN-H5-0063,2025-06-20,ACC-7505,Semey Plant Services LLP,Production line servicing and operating costs 2025,-3214778.36,USD
TXN-J4-0071,2025-06-20,ACC-7604,Kazakh Metals Trading JSC,Refined metals export sales settlement Q2,2450377.69,USD
TXN-X2-0062,2025-06-20,ACC-7831,Juniper Janitorial Ltd,"Group insurance experience refund — Turkistan point, instalment 1 2026",7501759.62,USD
TXN-9304-0035,2025-06-21,ACC-9304,Fairfield Leasing Partners Company,"Marketing volume rebate — Aktobe hub, instalment 1",26680003.25,USD
TXN-9918-0028,2025-06-21,ACC-9918,Juniper Leasing Group Group (Almaty office),Fidelity bond insurance — March,-364439.42,USD
TXN-F2-0064,2025-06-21,ACC-7302,Bridgeport Office Supplies (Turkistan point),Natural gas utility — Atyrau terminal,-4952991.81,USD
TXN-H2-0034,2025-06-21,ACC-7502,Hartley Uniforms LP,Waste water charge — July,-5985194.50,USD
TXN-J1-0009,2025-06-21,ACC-7601,Foxridge Telecom LP (Kostanay centre),Telecom mobile fleet plan — February,-25353442.22,USD
TXN-J2-0046,2025-06-21,ACC-7602,Hartley Printing Co,Sublet rent received — Shymkent depot 2024,22474226.51,USD
TXN-J5-0001,2025-06-21,ACC-7605,Ironwood Printing Ltd (Atyrau terminal),Interest on bilateral facility — period 04 2025,-10513226.45,USD
TXN-S1-0041,2025-06-21,ACC-7001,Glenwood Catering Group (Turkistan point),"Travel insurance for staff — Atyrau terminal, July",-12524119.07,USD
TXN-9086-0029,2025-06-22,ACC-9086,Ashford Office Supplies LLC JSC,"Utility deposit returned — Ekibastuz block B, March 2024",313926.86,USD
TXN-9306-0024,2025-06-22,ACC-9306,Hartley Courier Corp (Astana branch),"Use tax payment — Semey base, December",-5790679.96,USD
TXN-9322-0049,2025-06-22,ACC-9322,Cedarville Building Services LLC (Aktobe hub),"Payroll accrual reversal — Pavlodar block, H2 2026",627412.76,USD
TXN-J3-0003,2025-06-22,ACC-7603,Fairfield Leasing Partners (Ekibastuz block B),Interest recovery on overpayment — Ekibastuz block B 2024,4086224.08,USD
TXN-9045-0025,2025-06-23,ACC-9045,Eastgate Waste Systems (Aktobe hub),Motor third-party insurance — Pavlodar block,-21518081.49,USD
TXN-9141-0034,2025-06-23,ACC-9141,Dunmore Utility Inc Enterprise (Aktobe hub),"Rooftop lease — Ekibastuz block B, instalment 3 2025",-22463425.80,USD
TXN-9305-0027,2025-06-23,ACC-9305,Juniper Property Services (Taraz site),"Rent deposit returned — Pavlodar block, final call",1751289.04,USD
TXN-B5-0051,2025-06-23,ACC-7205,Granger Utilities Holding (Oskemen unit),Unused ad campaign budget returned — Kyzylorda station,154886.02,USD
TXN-G1-0002,2025-06-23,ACC-7401,Cedarville Property Inc (Atyrau terminal),"Marketing translation and localisation — Astana branch, Q4 2025",-137786100.76,USD
TXN-H4-0001,2025-06-23,ACC-7504,Ironwood Landscaping Inc Service Centre (Pavlodar block),"Use tax payment — Kostanay centre, August",-10882723.30,USD
TXN-S3-0011,2025-06-23,ACC-7003,Cedarville Supply Corp,Auto fleet insurance — January 2024,-365794.89,USD
TXN-X3-0025,2025-06-23,ACC-7832,Hartley Utility Trust Partners (Shymkent depot),"Insurance claim reimbursement — Shymkent depot, instalment 3",1632127.15,USD
TXN-X3-0090,2025-06-23,ACC-7832,Ashford Facilities Inc (Ekibastuz block B),Storage unit rent — instalment 1 2024,-3644179.73,USD
TXN-9055-0012,2025-06-24,ACC-9055,Sentinel Insurance Group JSC (Uralsk annex),Tax audit assessment payment — Aktobe hub 2025,-16246812.13,USD
TXN-B3-0049,2025-06-24,ACC-7203,Hartley Consulting LLC (Pavlodar block),Group medical insurance premium — March,-552650.16,USD
TXN-J3-0042,2025-06-24,ACC-7603,Sairam Strategy Advisers LLP,Strategy consulting engagement 2025,-202521.95,USD
TXN-J6-0060,2025-06-24,ACC-7606,Zhaik Transport Operator JSC,Pipeline tariff sales settlement Q2,3108935.22,USD
TXN-X1-0034,2025-06-24,ACC-7830,Aral Agro Trading LLP,Elevator throughput sales settlement Q2,4857206.33,USD
TXN-X2-0005,2025-06-24,ACC-7831,Dunmore Consulting Corp LLP (Kostanay centre),"Bi-weekly payroll run — Kostanay centre, February",-4881195.28,USD
TXN-X3-0001,2025-06-24,ACC-7832,Bridgeport Building Services Inc,Default interest charge — Q2,-572506.56,USD
TXN-9625-0029,2025-06-25,ACC-9625,Eastgate Insurance Corp (Kostanay centre),"Rent for regional office — Shymkent depot, instalment 1",-4959644.13,USD
TXN-9819-0016,2025-06-25,ACC-9819,Bridgeport Stationery Co,Municipal tax levy — March,-3846439.87,USD
TXN-B3-0006,2025-06-25,ACC-7203,Hartley Landscaping Ltd Holding (Kostanay centre),Auto fleet insurance — Oskemen unit 2025,-676315.48,USD
TXN-F1-0039,2025-06-25,ACC-7301,Oakmont Property Management (Karaganda yard),Water charge adjustment credit — Ekibastuz block B 2024,14329647.92,USD
TXN-KC-REV-51,2025-06-25,TELE-4471,Ironwood Uniforms Corp,"Unused ad campaign budget returned — Turkistan point, July",12961523.63,USD
TXN-S1-0032,2025-06-25,ACC-7001,Cedarville Supply Corp Group,Withholding tax reclaim received — H1,3140252.39,USD
TXN-9224-0002,2025-06-26,ACC-9224,Dunmore Printing Partners (Ekibastuz block B),Customer newsletter marketing production — Pavlodar block,-240929.56,USD
TXN-9427-0040,2025-06-26,ACC-9427,Cedarville Cleaning Group Group,Water and sewer charge — Pavlodar block 2024,-354070.52,USD
TXN-G2-0021,2025-06-26,ACC-7402,Dunmore Realty Company,"Hourly staff payroll — Kostanay centre, December",-10371698.07,USD
TXN-G2-0030,2025-06-26,ACC-7402,Semey Plant Services LLP,Plant operating and maintenance costs 2025,-3482116.73,USD
TXN-H3-0052,2025-06-26,ACC-7503,Dunmore Landscaping Group (Kostanay centre),Water and sewer charge — March 2024,-640077.48,USD
TXN-J3-0009,2025-06-26,ACC-7603,Ashford Power LP (Turkistan point),Tax overpayment refunded 2024,21410993.23,USD
TXN-J5-0008,2025-06-26,ACC-7605,Juniper Stationery Holdings Works (Turkistan point),Withholding tax remittance — period 03,-3963079.55,USD
TXN-KC-OPX-03,2025-06-26,TELE-4471,Bridgeport Landscaping Services Trading House,Payroll for drivers — Almaty office,-3822658.38,USD
TXN-9281-0027,2025-06-27,ACC-9281,Cedarville Water Works Corp Holding,"Bi-weekly payroll run — Taraz site, Q3",-2212680.93,USD
TXN-9862-0045,2025-06-27,ACC-9862,Bridgeport Insurance Partners (Ekibastuz block B),Sponsorship marketing of regional sports club — Ekibastuz block B 2026,-2224522.36,USD
TXN-G3-0023,2025-06-27,ACC-7403,Taraz Holding Advisers LLP,Management advisory retainer,-261905.44,USD
TXN-H4-0026,2025-06-27,ACC-7504,Taldykorgan Plant Services LLP,Plant servicing and operating costs,-4102336.19,USD
TXN-J6-0010,2025-06-27,ACC-7606,Ironwood Water Works Associates,Severance payroll batch — Zhezkazgan compound 2024,-475338.58,USD
TXN-S2-0012,2025-06-27,ACC-7002,Ironwood Logistics Trust (Shymkent depot),Tax overpayment refunded — Q3,1087475.39,USD
TXN-X1-0029,2025-06-27,ACC-7830,Ashford Property Co Supply,"Payroll advance recovered from staff — Astana branch, period 01",35028059.14,USD
TXN-X3-0058,2025-06-27,ACC-7832,Turbine Overhaul Systems LLP,Purchase of turbine overhaul equipment,-4218447.36,USD
TXN-9233-0001,2025-06-28,ACC-9233,Bridgeport Property Ltd Trading House (Zhezkazgan compound),Insurance broker rebate — November 2025,12692227.03,USD
TXN-J5-0048,2025-06-28,ACC-7605,Cedarville Tax Advisory Partners Enterprise (Karaganda yard),"Lease incentive received — Astana branch, instalment 3 2025",3481319.66,USD
TXN-S3-0039,2025-06-28,ACC-7003,Cedarville Uniforms Solutions Holding (Kostanay centre),Interest income on term deposit — Q1 2024,2725215.63,USD
TXN-9415-0025,2025-06-29,ACC-9415,Ironwood Cleaning LLC LLP,Payroll advance recovered from staff — Almaty office 2026,14866555.92,USD
TXN-9505-0038,2025-06-29,ACC-9505,Ironwood Janitorial Co,Point-of-sale marketing materials — Almaty office 2026,-982419.64,USD
TXN-G1-0053,2025-06-29,ACC-7401,Kingsley Facilities LP (Turkistan point),Lease deposit released — April,1457366.41,USD
TXN-H1-0054,2025-06-29,ACC-7501,Hartley Utility Trust (Taraz site),Corporate income tax instalment — Taraz site,-6780810.43,USD
TXN-J1-0099,2025-06-29,ACC-7601,Ashford Power LP (Taraz site),Standby generator electricity — instalment 3,-125590.17,USD
TXN-KC-CAP-50,2025-06-29,TELE-4471,Foxridge Water Works Inc Trading House,Interest on export credit line — instalment 3,-7074248.11,USD
TXN-S2-0029,2025-06-29,ACC-7002,Ashford Landscaping Holdings,Contractor payroll batch — Ekibastuz block B,-513512.41,USD
TXN-9084-0004,2025-06-30,ACC-9084,Pioneer Payroll Bureau (Kyzylorda station),Unused ad campaign budget returned — instalment 2,405673.96,USD
TXN-F1-0062,2025-06-30,ACC-7301,Pavlodar Plant Services LLP,Plant operating costs and maintenance,-4901377.85,USD
TXN-G2-0025,2025-06-30,ACC-7402,Foxridge Office Supplies Holdings (Kostanay centre),"Utility deposit returned — Almaty office, October",1540211.25,USD
TXN-H1-0011,2025-06-30,ACC-7501,Astana Network Maintenance LLP,Pipeline network servicing and operating costs,-5204617.29,USD
TXN-J2-0008,2025-06-30,ACC-7602,Pavlodar Terminal Services LLP,Terminal servicing and plant maintenance 2025,-7494411.91,USD
TXN-J2-0016,2025-06-30,ACC-7602,Sterling Office Solutions (Pavlodar block),Container yard lease — Aktobe hub 2025,-358791.67,USD
TXN-KC-OPX-47,2025-06-30,TELE-4471,Foxridge Consulting Ltd,Electricity for site lighting — November 2026,-420229.97,USD
TXN-S3-0059,2025-06-30,ACC-7003,Qostanay Rail Operations LLP,Rail siding maintenance and handling charges,-3440589.42,USD
TXN-X3-0081,2025-06-30,ACC-7832,Cedarville Catering Solutions (Taraz site),"Lease deposit released — Oskemen unit, January",1139235.60,USD
TXN-9299-0024,2025-07-01,ACC-9299,Cedarville Facilities (Pavlodar block),Interest recovery on overpayment — Ekibastuz block B 2024,3358137.01,USD
TXN-9394-0016,2025-07-01,ACC-9394,Eastgate Utility LLC Enterprise (Pavlodar block),Payroll advance recovered from staff — Uralsk annex 2026,21151948.17,USD
TXN-9768-0032,2025-07-01,ACC-9768,Kingsley Insurance Associates,Electricity for site lighting — H1,-416070.39,USD
TXN-9781-0003,2025-07-01,ACC-9781,Foxridge Supply Inc LLP (Taraz site),"Interest income on treasury bills — Kostanay centre, instalment 3",1306944.58,USD
TXN-9812-0015,2025-07-01,ACC-9812,Bridgeport Water Works LP,Interest on trade facility — Kyzylorda station 2025,-364060.68,USD
TXN-G1-0049,2025-07-01,ACC-7401,Glenwood Cleaning Ltd Group (Turkistan point),"Water and sewer charge — Semey base, December",-12921946.16,USD
TXN-H2-0039,2025-07-01,ACC-7502,Stalwart Mutual Insurance (Almaty office),Interest income on term deposit — September 2026,1886660.70,USD
TXN-H3-0007,2025-07-01,ACC-7503,Cedarville Office Supplies Associates (Semey base),"Water supply charge — Kyzylorda station, period 02",-6737844.87,USD
TXN-J6-0014,2025-07-01,ACC-7606,Glenwood Office Supplies Services (Uralsk annex),"Seasonal payroll run — Taraz site, instalment 2 2025",-5203708.14,USD
TXN-KC-CON-15,2025-07-01,TELE-4471,Taraz Digital Ventures L.L.P.,Intercompany advisory retainer — H1 2025,-18475130.37,USD
TXN-B3-0043,2025-07-02,ACC-7203,Cedarville Facilities JSC,Water and sewer charge — Karaganda yard,-762406.65,USD
TXN-F2-0009,2025-07-02,ACC-7302,Alatau Holdings L.L.P.,Intercompany advisory settlement,-295835.06,USD
TXN-H5-0024,2025-07-02,ACC-7505,Semey Capital Partners LLP,Management advisory retainer,-258905.33,USD
TXN-J1-0019,2025-07-02,ACC-7601,Juniper Tax Advisory LLC,"Utility metering charge — Turkistan point, H1",-918517.97,USD
TXN-S1-0015,2025-07-02,ACC-7001,Aral Construction Bureau LLP,Depot roof refurbishment works,-295643.24,USD
TXN-9707-0011,2025-07-03,ACC-9707,Glenwood Cleaning Ltd Company (Atyrau terminal),Payroll bonus disbursement — Shymkent depot,-1428759.77,USD
TXN-9857-0003,2025-07-03,ACC-9857,Hartley Consulting LLC LLP (Astana branch),Tax overpayment refunded 2025,1936716.41,USD
TXN-9862-0012,2025-07-03,ACC-9862,Foxridge Logistics LLC (Zhezkazgan compound),"Interest on bilateral facility — Kyzylorda station, August",-4409275.56,USD
TXN-9943-0021,2025-07-03,ACC-9943,Globex Telecom Company,Insurance claim reimbursement — Astana branch 2024,32474194.59,USD
TXN-B5-0047,2025-07-03,ACC-7205,Glenwood Supply LLC Service Centre,Payroll for administrative staff — Q4,-33368188.98,USD
TXN-H1-0051,2025-07-03,ACC-7501,Juniper Water Works Trust (Pavlodar block),Rent overpayment refunded — February,22710557.83,USD
TXN-H4-0040,2025-07-03,ACC-7504,Kingsley Tax Advisory,Unearned insurance premium return — Astana branch,4299686.68,EUR
TXN-J6-0018,2025-07-03,ACC-7606,Atyrau Pipeline Services LLP,Pumping station servicing and maintenance 2025,-9039554.71,USD
TXN-9738-0008,2025-07-04,ACC-9738,Cedarville Power Co LLP,"Radio ad campaign schedule — Taraz site, H1 2025",-5711507.57,EUR
TXN-B5-0002,2025-07-04,ACC-7205,Bridgeport Office Supplies Company,"Directors and officers insurance — Ekibastuz block B, June",-6822802.44,USD
TXN-X2-0012,2025-07-04,ACC-7831,Hartley Power Associates (Shymkent depot),Natural gas utility — September,-9201597.22,USD
TXN-9576-0022,2025-07-05,ACC-9576,Ashford Supply Group (Pavlodar block),"Bi-weekly payroll run — Taraz site, Q3",-2102976.50,USD
TXN-9651-0022,2025-07-05,ACC-9651,Juniper Facilities Group LLP (Semey base),Natural gas utility — Turkistan point,-5774406.48,USD
TXN-9775-0034,2025-07-05,ACC-9775,Glenwood Payroll Inc Company (Kostanay centre),"Office rent — Kyzylorda station, instalment 2",-177295.72,USD
TXN-J3-0013,2025-07-05,ACC-7603,Glenwood Security Partners,Corporate income tax instalment — Uralsk annex,-940578.13,USD
TXN-J4-0032,2025-07-05,ACC-7604,Juniper Tax Advisory LLC Group,Digital media buy — search — Kostanay centre,-4852160.21,USD
TXN-X1-0082,2025-07-05,ACC-7830,Cedarville Courier Holdings Service Centre,"Municipal water charge — Oskemen unit, January 2026",-24343953.18,USD
TXN-9240-0046,2025-07-06,ACC-9240,Ashford Water Works Group Holding (Atyrau terminal),Warehouse contents insurance — instalment 1,-244114.88,USD
TXN-9521-0049,2025-07-06,ACC-9521,Ironwood Insurance LLC (Zhezkazgan compound),Workers comp insurance — Uralsk annex,-23491894.75,EUR
TXN-9565-0028,2025-07-06,ACC-9565,Cedarville Leasing (Kostanay centre),Depot yard rent — Uralsk annex 2026,-455591.88,USD
TXN-9816-0018,2025-07-06,ACC-9816,Juniper Cleaning (Taraz site),"Electricity for site lighting — Shymkent depot, January",-3617813.85,USD
TXN-F1-0021,2025-07-06,ACC-7301,Cedarville Maintenance Associates Supply,Rent for archive premises — August,-12499830.03,USD
TXN-G1-0033,2025-07-06,ACC-7401,Hartley Supply (Uralsk annex),Marketing agency credit note — Semey base,153214.44,USD
TXN-B5-0042,2025-07-07,ACC-7205,Hartley Property Solutions,"Payroll for administrative staff — Kostanay centre, June",-2970147.56,USD
TXN-H3-0008,2025-07-07,ACC-7503,Eastgate Courier Partners (Oskemen unit),"Marketing translation and localisation — Aktobe hub, H2",-2036278.96,USD
TXN-X1-0086,2025-07-07,ACC-7830,Ironwood Office Supplies Group (Ekibastuz block B),Interest income on treasury bills — final call,1571427.03,EUR
TXN-9085-0043,2025-07-08,ACC-9085,Dunmore Water Works Co,"Land lease — Shymkent depot, December",-1146750.71,USD
TXN-9438-0008,2025-07-08,ACC-9438,Hartley Water Works (Shymkent depot),"Land tax instalment — Almaty office, May",-769269.32,USD
TXN-9490-0021,2025-07-08,ACC-9490,Ironwood Insurance LLC LLP (Uralsk annex),Credit facility interest — Zhezkazgan compound 2025,-6123237.17,EUR
TXN-9595-0007,2025-07-08,ACC-9595,Kingsley Building Services Group Ltd,Trade press marketing insertion — Kyzylorda station 2025,-1328031.58,USD
TXN-9715-0038,2025-07-08,ACC-9715,Hartley Janitorial Corp (Aktobe hub),Telecom services — Q2,-1570766.43,USD
TXN-9881-0034,2025-07-08,ACC-9881,Dunmore Security Solutions Works,Telecom mobile fleet plan — Taraz site,-976043.26,USD
TXN-9909-0004,2025-07-08,ACC-9909,Dunmore Supply Co,Tax penalty settlement charge — Aktobe hub,-1002350.68,USD
TXN-F1-0063,2025-07-08,ACC-7301,Irtysh Capital LLP,Management retainer fee,-291228.21,USD
TXN-H1-0022,2025-07-08,ACC-7501,Bridgeport Uniforms Trust Ltd,Cold store lease — Uralsk annex 2026,-7998708.80,USD
TXN-H2-0045,2025-07-08,ACC-7502,Kostanay Investment Holding LLP,Intercompany distribution settlement,-487220.16,USD
TXN-H3-0021,2025-07-08,ACC-7503,Eastgate Catering Services (Uralsk annex),"Marketing co-operative funding received — Turkistan point, Q2 2026",4936482.64,USD
TXN-J2-0029,2025-07-08,ACC-7602,Juniper Logistics Solutions (Kostanay centre),"Vehicle tax payment — Karaganda yard, June 2025",-11177195.17,USD
TXN-X1-0037,2025-07-08,ACC-7830,Kostanay Silo Services LLP,Engineering advisory on silo automation programme,-1286431.94,USD
TXN-X1-0062,2025-07-08,ACC-7830,Bridgeport Waste Systems Ltd (Zhezkazgan compound),"Interest credited on current account — Uralsk annex, July 2026",3821371.17,USD
TXN-X2-0055,2025-07-08,ACC-7831,Hartley Uniforms LP (Kostanay centre),"Rent free period credit — Oskemen unit, April",910744.58,EUR
TXN-9412-0005,2025-07-09,ACC-9412,Dunmore Telecom Partners JSC,Payroll agency rebate — May 2025,1092559.60,USD
TXN-9440-0016,2025-07-09,ACC-9440,Glenwood Facilities Holdings Holding,Product launch ad campaign — Kostanay centre 2025,-1211154.76,EUR
TXN-9762-0028,2025-07-09,ACC-9762,Glenwood Telecom Corp Supply (Karaganda yard),Payroll for night shift — March,-289672.50,USD
TXN-H3-0041,2025-07-09,ACC-7503,Juniper Payroll Associates Group (Almaty office),"Franchise tax filing — Uralsk annex, period 04",-6842537.81,USD
TXN-H4-0031,2025-07-09,ACC-7504,Ashford Water Works Group (Shymkent depot),"Interest income on treasury bills — Aktobe hub, H1 2024",2775089.35,USD
TXN-J3-0020,2025-07-09,ACC-7603,Harborview Properties (Aktobe hub),Capitalised interest charge — instalment 2 2026,-577529.19,USD
TXN-9055-0045,2025-07-10,ACC-9055,Glenwood Logistics (Pavlodar block),"Marine cargo insurance premium — Astana branch, period 03",-13502530.61,USD
TXN-9508-0020,2025-07-10,ACC-9508,Foxridge Supply Inc Enterprise,Lease incentive received — instalment 3,3154938.05,USD
TXN-9553-0013,2025-07-10,ACC-9553,Dunmore Office Supplies Trust Partners,Default interest charge — Uralsk annex 2026,-1029422.76,USD
TXN-9601-0007,2025-07-10,ACC-9601,Dunmore Printing Partners,Electricity for site lighting — Q1 2026,-112971683.15,USD
TXN-9927-0015,2025-07-10,ACC-9927,Glenwood Insurance Ltd (Turkistan point),"Interest on senior notes — Taraz site, May",-510709.78,USD
TXN-J4-0048,2025-07-10,ACC-7604,Hartley Security Group,"Electricity bill — Taraz site, June",-10232150.74,USD
TXN-J4-0064,2025-07-10,ACC-7604,Blue Ridge Payroll Services Group (Aktobe hub),Motor third-party insurance — Karaganda yard,-681381.01,USD
TXN-J5-0032,2025-07-10,ACC-7605,Juniper Office Supplies LP (Astana branch),Franchise tax filing — period 04,-8133911.73,USD
TXN-X3-0088,2025-07-10,ACC-7832,Glenwood Uniforms Group (Pavlodar block),Compressed air utility charge — Pavlodar block,-2368096.33,USD
TXN-9606-0025,2025-07-11,ACC-9606,Cedarville Waste Systems Inc (Atyrau terminal),Bi-weekly payroll run — Taraz site,-237424.48,USD
TXN-J5-0011,2025-07-11,ACC-7605,Karaganda Plant Services LLP,Concentrator servicing and maintenance 2025,-6742807.62,USD
TXN-9003-0023,2025-07-12,ACC-9003,Dunmore Utility Inc Service Centre,Unearned insurance premium return — Ekibastuz block B,232721.39,USD
TXN-9237-0010,2025-07-12,ACC-9237,Glenwood Consulting Inc,Accrued interest payment — Semey base,-605439.21,EUR
TXN-9071-0049,2025-07-13,ACC-9071,Foxridge Insurance Co Holding (Taraz site),Unearned insurance premium return — Zhezkazgan compound,6280093.63,USD
TXN-B3-0007,2025-07-13,ACC-7203,Cedarville Leasing,"Container yard lease — Kyzylorda station, November 2025",-4568024.07,USD
TXN-F1-0012,2025-07-13,ACC-7301,Juniper Building Services Partners LLP,Utility rebate received — Karaganda yard 2026,1149837.28,USD
TXN-J3-0026,2025-07-13,ACC-7603,Cedarville Waste Systems Inc Partners (Karaganda yard),Payroll accrual reversal — Astana branch,7706893.78,USD
TXN-J4-0083,2025-07-13,ACC-7604,Juniper Office Supplies LP Supply,"District heating utility charge — Atyrau terminal, August",-4330452.33,USD
TXN-J6-0037,2025-07-13,ACC-7606,Dunmore Realty (Aktobe hub),Utility deposit returned 2024,8801918.98,USD
TXN-S3-0021,2025-07-13,ACC-7003,Bridgeport Stationery Co Company,Social tax remittance — July,-13487097.15,USD
TXN-X1-0057,2025-07-13,ACC-7830,Ironwood Catering Corp (Kostanay centre),Customs duty and tax payment — final call,-528159.31,USD
TXN-9095-0012,2025-07-14,ACC-9095,Eastgate Tax Advisory LP Group,Environmental liability insurance — May,-3498100.89,USD
TXN-9440-0043,2025-07-14,ACC-9440,Hartley Water Works LLP (Uralsk annex),"Plant and boiler insurance premium — Turkistan point, August 2026",-24134157.72,USD
TXN-9733-0047,2025-07-14,ACC-9733,Bridgeport Realty Inc (Semey base),Media buy rate adjustment credit — period 03,3257439.10,EUR
TXN-9945-0041,2025-07-14,ACC-9945,Kingsley Office Supplies Corp Trading House (Karaganda yard),"Telecom service credit received — Astana branch, instalment 2",10614738.58,USD
TXN-B5-0018,2025-07-14,ACC-7205,Ashford Payroll Partners (Pavlodar block),"Radio ad campaign schedule — Almaty office, April",-9811689.52,USD
TXN-F1-0024,2025-07-14,ACC-7301,Vanguard Payroll Co,Industry exhibition stand marketing — instalment 2 2025,-485411.99,USD
TXN-F3-0022,2025-07-14,ACC-7303,Cedarville Uniforms Solutions (Atyrau terminal),Sponsorship marketing of regional sports club — Kostanay centre 2025,-1160962.84,USD
TXN-G2-0035,2025-07-14,ACC-7402,Dunmore Telecom Partners (Semey base),"Rent for regional office — Semey base, instalment 3",-591393.23,USD
TXN-H1-0028,2025-07-14,ACC-7501,Dunmore Building Services (Oskemen unit),Motor third-party insurance — instalment 3 2024,-25325250.80,USD
TXN-H4-0023,2025-07-14,ACC-7504,Juniper Power Solutions,Marketing research panel subscription — Kostanay centre,-491005.18,USD
TXN-H5-0012,2025-07-14,ACC-7505,Hartley Office Supplies Partners (Atyrau terminal),"Payroll for night shift — Uralsk annex, September",-1721435.94,USD
TXN-X2-0038,2025-07-14,ACC-7831,Aktobe Capital Advisers LLP,Management advisory retainer,-812443.19,USD
TXN-X2-0059,2025-07-14,ACC-7831,Oakmont Property Management (Ekibastuz block B),Broadband telecom invoice — Ekibastuz block B,-151505.61,USD
TXN-9444-0019,2025-07-15,ACC-9444,Dunmore Water Works Co (Pavlodar block),"Tax assessment reversal — Pavlodar block, February 2025",770841.14,USD
TXN-9791-0021,2025-07-15,ACC-9791,Bridgeport Catering Trust,Telecom mobile fleet plan 2025,-1256157.40,USD
TXN-F3-0017,2025-07-15,ACC-7303,Cedarville Janitorial Holdings,"Printed marketing collateral run — Almaty office, H1",-4844249.48,USD
TXN-H1-0039,2025-07-15,ACC-7501,Halyk Bank of Kazakhstan JSC,Loan interest payment 2025,-1503442.18,USD
TXN-H3-0027,2025-07-15,ACC-7503,Ashford Leasing Inc Service Centre (Semey base),Social tax remittance — Kostanay centre,-1094442.21,USD
TXN-H4-0008,2025-07-15,ACC-7504,Ironwood Cleaning LLC Holding,"Utility rebate received — Uralsk annex, Q3",296847.87,USD
TXN-H5-0060,2025-07-15,ACC-7505,Eastgate Facilities Trust LLP,Interest rebate on early repayment — Aktobe hub 2025,3133844.14,USD
TXN-J3-0028,2025-07-15,ACC-7603,Shymkent Mill Services LLP,Mill servicing and maintenance costs 2025,-6399342.83,USD
TXN-J5-0053,2025-07-15,ACC-7605,Eastgate Courier Partners Group (Almaty office),"Electricity for pumping station — Kostanay centre, July",-7477390.58,USD
TXN-KC-REV-14,2025-07-15,TELE-4471,Retail Subscriber Billing Bureau,Postpaid subscription revenue Q2 2025,172904849.55,USD
TXN-S2-0054,2025-07-15,ACC-7002,Cedarville Water Works Corp (Semey base),VAT instalment — Taraz site 2026,-864928.83,USD
TXN-9218-0003,2025-07-16,ACC-9218,Ashford Courier Trust (Taraz site),Social tax remittance — July,-333890.15,USD
TXN-9434-0008,2025-07-16,ACC-9434,Glenwood Leasing Holdings Supply,Payroll agency rebate 2026,1051631.54,USD
TXN-9455-0044,2025-07-16,ACC-9455,Ashford Power LP (Zhezkazgan compound),"District heating utility charge — Atyrau terminal, August",-2710603.17,USD
TXN-9984-0003,2025-07-16,ACC-9984,Bridgeport Insurance Partners (Turkistan point),"Marketing co-operative funding received — Ekibastuz block B, period 04",903729.56,USD
TXN-B5-0050,2025-07-16,ACC-7205,Juniper Logistics Solutions (Ekibastuz block B),Payroll tranche for field crew — November,-7225019.40,USD
TXN-H1-0020,2025-07-16,ACC-7501,Juniper Water Works Trust (Pavlodar block),"Telecom service credit received — Aktobe hub, Q4",5423146.78,USD
TXN-9981-0004,2025-07-17,ACC-9981,Cedarville Property Inc,Payroll accrual reversal — February,524175.34,USD
TXN-J2-0034,2025-07-17,ACC-7602,Foxridge Property Associates,"Use tax payment — Almaty office, September",-6332735.29,USD
TXN-J5-0010,2025-07-17,ACC-7605,Eastgate Building Services Associates (Taraz site),Tax assessment reversal — August,19386024.50,USD
TXN-9422-0017,2025-07-18,ACC-9422,Hartley Courier Corp LLP,Parking garage lease — Kostanay centre 2026,-4990275.07,USD
TXN-9462-0033,2025-07-18,ACC-9462,Bridgeport Landscaping Services (Semey base),Marketing overbilling refund — Aktobe hub,344126.96,USD
TXN-9874-0020,2025-07-18,ACC-9874,Juniper Property Services Works (Zhezkazgan compound),"Excise tax payment — Zhezkazgan compound, period 02",-8911467.12,USD
TXN-KC-CON-46,2025-07-18,TELE-4471,Bridgeport Leasing LLC (Shymkent depot),Waste water charge — period 02 2024,-873140.09,USD
TXN-S3-0040,2025-07-18,ACC-7003,Ashford Cleaning Services LLP (Almaty office),"Excise tax remittance — Kostanay centre, January 2025",-3048523.17,USD
TXN-X1-0015,2025-07-18,ACC-7830,Dunmore Landscaping Group (Semey base),Electricity overbilling refund — period 01 2025,4356378.39,USD
TXN-9900-0033,2025-07-19,ACC-9900,Bridgeport Stationery Co Works (Atyrau terminal),VAT instalment 2024,-1374768.61,USD
TXN-F2-0005,2025-07-19,ACC-7302,Bridgeport Payroll Group (Aktobe hub),District heating utility charge — December,-16800760.16,USD
TXN-X1-0079,2025-07-19,ACC-7830,Juniper Landscaping LLC (Kyzylorda station),"Office rent — Almaty office, period 01 2026",-5715295.42,USD
TXN-9755-0014,2025-07-20,ACC-9755,Hartley Janitorial Corp (Taraz site),Municipal water charge — June,-5946730.95,USD
TXN-H3-0009,2025-07-20,ACC-7503,Halyk Bank of Kazakhstan JSC,Loan interest payment 2025,-1352006.94,USD
TXN-J2-0038,2025-07-20,ACC-7602,Halyk Bank of Kazakhstan JSC,Loan interest payment 2025,-1867282.46,USD
TXN-X2-0082,2025-07-20,ACC-7831,Ashford Janitorial Trust JSC,Marketing agency credit note — January,22834282.31,USD
TXN-9114-0022,2025-07-21,ACC-9114,Foxridge Stationery (Almaty office),Auto fleet insurance — Uralsk annex,-262848.48,USD
TXN-9145-0003,2025-07-21,ACC-9145,Eastgate Printing Group (Kyzylorda station),Rent overpayment refunded — Uralsk annex 2024,1408893.84,USD
TXN-9324-0040,2025-07-21,ACC-9324,Foxridge Catering Partners Holding,"Business interruption insurance — Uralsk annex, August",-2144977.01,USD
TXN-9738-0006,2025-07-21,ACC-9738,Hartley Catering LP (Uralsk annex),"Depot yard rent — Kyzylorda station, May",-10940346.73,USD
TXN-9949-0039,2025-07-21,ACC-9949,Hartley Realty Holdings (Zhezkazgan compound),Insurance claim reimbursement — Ekibastuz block B,229522.71,USD
TXN-S1-0054,2025-07-21,ACC-7001,Juniper Facilities Group Company (Pavlodar block),Marketing agency creative fees,-16062788.25,USD
TXN-X2-0081,2025-07-21,ACC-7831,Sterling Office Solutions LLP,"Insurance claim reimbursement — Atyrau terminal, instalment 3",6745245.60,USD
TXN-9198-0023,2025-07-22,ACC-9198,Harborview Properties (Oskemen unit),Interest on subordinated notes — Taraz site,-1839873.78,USD
TXN-9594-0016,2025-07-22,ACC-9594,Eastgate Building Services Associates (Shymkent depot),"Construction all-risk insurance — Shymkent depot, Q3 2024",-4402572.05,USD
TXN-F2-0041,2025-07-22,ACC-7302,Cedarville Logistics Co,Broadband telecom invoice — Almaty office,-10078415.43,USD
TXN-G1-0042,2025-07-22,ACC-7401,Foxridge Catering Partners Group,District heating utility charge — period 02,-2620340.93,USD
TXN-H1-0045,2025-07-22,ACC-7501,Eastgate Tax Advisory LP (Taraz site),Monthly payroll disbursement — November 2026,-3982466.91,USD
TXN-J1-0026,2025-07-22,ACC-7601,Ironwood Courier Co (Almaty office),Marine cargo insurance premium — July,-37909845.85,USD
TXN-J3-0004,2025-07-22,ACC-7603,Foxridge Payroll Ltd (Karaganda yard),"Use tax payment — Aktobe hub, Q1",-2448623.95,USD
TXN-X3-0070,2025-07-22,ACC-7832,Hartley Consulting LLC (Almaty office),Use tax payment — Turkistan point,-12091260.67,USD
TXN-9358-0021,2025-07-23,ACC-9358,Hartley Landscaping Ltd (Almaty office),"Cyber insurance premium — Shymkent depot, September 2024",-13118001.21,USD
TXN-9598-0050,2025-07-23,ACC-9598,Glenwood Courier LP (Pavlodar block),Rooftop lease — final call,-9562508.56,USD
TXN-9652-0035,2025-07-23,ACC-9652,Eastgate Facilities Trust (Kyzylorda station),Liability insurance — August,-19744131.51,USD
TXN-X3-0034,2025-07-23,ACC-7832,Ereymentau Capital Partners LLP,Management advisory retainer,-918447.23,USD
TXN-9486-0034,2025-07-24,ACC-9486,Crown City Water Board,Insurance broker rebate — December 2026,32892065.59,USD
TXN-9849-0002,2025-07-24,ACC-9849,Ironwood Cleaning LLC,Workers comp insurance 2025,-175529.81,USD
TXN-B3-0017,2025-07-24,ACC-7203,Caspian Trade Partners LLP,Advisory services on plant logistics,-307147.93,USD
TXN-F3-0013,2025-07-24,ACC-7303,Ironwood Printing Ltd Supply (Aktobe hub),"Payroll for laboratory staff — Astana branch, May",-333115.83,USD
TXN-H2-0052,2025-07-24,ACC-7502,Riverside Realty Trust LLP,"Retail unit rent — Uralsk annex, July",-7775203.89,USD
TXN-9176-0027,2025-07-25,ACC-9176,Ironwood Landscaping Inc,"Marketing research panel subscription — Shymkent depot, August",-3226604.89,USD
TXN-B2-0003,2025-07-25,ACC-7202,Foxridge Landscaping Corp Company,Rent deposit returned — August 2024,8604990.63,USD
TXN-F1-0017,2025-07-25,ACC-7301,Bridgeport Tax Advisory Services,"Parking garage lease — Shymkent depot, May",-13762005.71,USD
TXN-F3-0041,2025-07-25,ACC-7303,Bridgeport Property Ltd (Semey base),"Payroll accrual funding — Uralsk annex, December",-4522647.41,USD
TXN-H1-0017,2025-07-25,ACC-7501,Dunmore Courier Services Partners,Telecom service credit received — Q3,9839374.49,USD
TXN-S3-0018,2025-07-25,ACC-7003,Lakeshore Insurance Brokers LLP,Rent overpayment refunded — March,357737.82,USD
TXN-9052-0046,2025-07-26,ACC-9052,Ashford Property Co (Astana branch),Payroll accrual reversal — Almaty office,764537.19,USD
TXN-9295-0040,2025-07-26,ACC-9295,Foxridge Telecom LP (Uralsk annex),Electricity for site lighting — November 2026,-3348346.26,USD
TXN-9056-0020,2025-07-27,ACC-9056,Juniper Janitorial Ltd (Aktobe hub),Unearned insurance premium return — September,6348554.26,USD
TXN-F1-0061,2025-07-27,ACC-7301,Hartley Tax Advisory Ltd (Taraz site),"Insurance premium refund — Atyrau terminal, instalment 2",5001503.31,USD
TXN-J2-0041,2025-07-27,ACC-7602,Fairfield Leasing Partners Ltd (Kyzylorda station),"Marketing translation and localisation — Astana branch, Q4 2025",-4881231.78,USD
TXN-9168-0008,2025-07-28,ACC-9168,Dunmore Maintenance Trust,"Storage unit rent — Karaganda yard, Q2 2024",-187271.38,USD
TXN-9853-0017,2025-07-28,ACC-9853,Ashford Security (Turkistan point),"Interest income on term deposit — Turkistan point, May",530979.37,USD
TXN-G3-0045,2025-07-28,ACC-7403,Ironwood Telecom Ltd Holding (Zhezkazgan compound),Interest on senior notes — Karaganda yard 2024,-6512763.91,USD
TXN-S3-0054,2025-07-28,ACC-7003,Temir Engineering Group,Engineering advisory — silo expansion,-391258.30,USD
TXN-9207-0046,2025-07-29,ACC-9207,Ashford Maintenance LLC,"Interest credited on current account — Uralsk annex, Q1",9526359.45,USD
TXN-9337-0010,2025-07-29,ACC-9337,Evergreen Janitorial (Turkistan point),"Lease deposit released — Shymkent depot, period 01 2024",236358.26,USD
TXN-9786-0021,2025-07-29,ACC-9786,Bridgeport Waste Systems Ltd (Karaganda yard),"Utility rebate received — Karaganda yard, instalment 1",337266.67,USD
TXN-9987-0041,2025-07-29,ACC-9987,Foxridge Supply Inc (Aktobe hub),"Depot yard rent — Shymkent depot, period 03",-4218533.75,USD
TXN-B2-0011,2025-07-29,ACC-7202,Dunmore Insurance LP LLP,Unearned insurance premium return — Ekibastuz block B,606785.26,USD
TXN-F2-0068,2025-07-29,ACC-7302,Bridgeport Supply LP (Oskemen unit),Default interest charge — Shymkent depot,-4538392.48,USD
TXN-G2-0006,2025-07-29,ACC-7402,Juniper Facilities Group Service Centre,Interest recovery on overpayment — instalment 1,204883677.24,USD
TXN-G2-0024,2025-07-29,ACC-7402,Irtysh Brand Holdings LLP,Transfer of production line machinery and tooling,-2409317.86,USD
TXN-G2-0047,2025-07-29,ACC-7402,Bridgeport Facilities LLC,"Capitalised interest charge — Oskemen unit, period 03 2025",-2369786.53,USD
TXN-G3-0049,2025-07-29,ACC-7403,Bridgeport Office Supplies (Kyzylorda station),Unused ad campaign budget returned — November,823496.08,USD
TXN-H2-0053,2025-07-29,ACC-7502,Ashford Catering Associates (Almaty office),"District heating utility charge — Uralsk annex, March",-13945107.93,USD
TXN-J3-0017,2025-07-29,ACC-7603,Bridgeport Consulting Group Company (Taraz site),Interest on bridge facility 2025,-403052.23,USD
TXN-S2-0033,2025-07-29,ACC-7002,Globex Telecom (Oskemen unit),Tax assessment reversal — Astana branch,5117543.81,USD
TXN-9114-0041,2025-07-30,ACC-9114,Foxridge Cleaning Co (Kyzylorda station),Group insurance experience refund,306181.11,USD
TXN-9556-0036,2025-07-30,ACC-9556,Kingsley Facilities LP,Rent overpayment refunded — period 01 2026,2010890.07,USD
TXN-F3-0040,2025-07-30,ACC-7303,Foxridge Realty Trust Trading House (Zhezkazgan compound),Bi-weekly payroll run — Q1,-6074949.51,USD
TXN-H4-0052,2025-07-30,ACC-7504,Ashford Cleaning Services Trading House (Aktobe hub),"Warehouse contents insurance — Turkistan point, H1",-363414.99,USD
TXN-9107-0010,2025-07-31,ACC-9107,Ashford Power LP (Astana branch),"Marketing photography and artwork — Almaty office, April",-324745.17,USD
TXN-9248-0031,2025-07-31,ACC-9248,Bridgeport Consulting Group Enterprise,"Warehouse contents insurance — Kostanay centre, Q3 2026",-265819.03,USD
TXN-B2-0002,2025-07-31,ACC-7202,Granger Utilities Holding (Astana branch),Interest on export credit line — Astana branch,-1429156.03,USD
TXN-G2-0022,2025-07-31,ACC-7402,Glenwood Utility Associates (Atyrau terminal),"Monthly payroll disbursement — Kostanay centre, December",-4047765.81,USD
TXN-H3-0049,2025-07-31,ACC-7503,Eastgate Office Supplies Solutions Ltd,"Excise tax payment — Karaganda yard, December",-6342889.94,USD
TXN-J1-0043,2025-07-31,ACC-7601,Almaty Cold Chain Logistics JSC Payroll Account,Payroll disbursement 2025,-949889.74,USD
TXN-J4-0004,2025-07-31,ACC-7604,Juniper Landscaping LLC (Aktobe hub),"Telecom service credit received — Almaty office, September",1024745.42,USD
TXN-S2-0046,2025-07-31,ACC-7002,Glenwood Logistics (Turkistan point),Land lease — Q3 2025,-6571361.90,USD
TXN-9173-0018,2025-08-01,ACC-9173,Lakeshore Insurance Brokers (Almaty office),Equipment yard lease — Kyzylorda station,-293403.25,USD
TXN-9217-0015,2025-08-01,ACC-9217,Foxridge Uniforms Partners,Payroll for warehouse staff — Aktobe hub 2024,-2258256.35,USD
TXN-9247-0008,2025-08-01,ACC-9247,Hartley Supply LLP (Almaty office),Property insurance premium — October 2025,-1169350.48,USD
TXN-9927-0031,2025-08-01,ACC-9927,Cedarville Insurance Group (Turkistan point),"Payroll for night shift — Uralsk annex, September",-3251637.22,USD
TXN-B5-0023,2025-08-01,ACC-7205,Cedarville Uniforms Solutions (Oskemen unit),Parking garage lease — Uralsk annex,-604086.25,USD
TXN-G1-0055,2025-08-01,ACC-7401,Foxridge Realty Trust,Waste water charge — Turkistan point,-257555.09,USD
TXN-H2-0002,2025-08-01,ACC-7502,Glenwood Insurance Ltd (Atyrau terminal),Rent overpayment refunded — period 03,3945873.46,USD
TXN-S3-0017,2025-08-01,ACC-7003,Cedarville Tax Advisory Partners,VAT refund received — Karaganda yard,509651.97,USD
TXN-G3-0032,2025-08-02,ACC-7403,Eastgate Stationery LLC Enterprise,Payroll overfunding returned — Kyzylorda station 2025,630929.15,USD
TXN-H1-0019,2025-08-02,ACC-7501,Dunmore Facilities Associates (Karaganda yard),Rent free period credit — period 01,2440159.55,USD
TXN-H3-0030,2025-08-02,ACC-7503,Foxridge Security Services,"Payroll top-up transfer — Almaty office, October",-4594447.46,USD
TXN-J4-0002,2025-08-02,ACC-7604,Glenwood Waste Systems Trust Company,Payroll for warehouse staff — Q3 2026,-377874.52,USD
TXN-S2-0043,2025-08-02,ACC-7002,Cedarville Building Services LLC,Electricity metering correction credit 2025,1652279.59,USD
TXN-X3-0036,2025-08-02,ACC-7832,Dunmore Printing Partners (Uralsk annex),Customs duty and tax payment — Zhezkazgan compound 2026,-1642536.03,USD
TXN-9068-0014,2025-08-03,ACC-9068,Cedarville Waste Systems Inc LLP (Ekibastuz block B),Rent for spare parts store — Aktobe hub,-103516419.22,USD
TXN-9429-0027,2025-08-03,ACC-9429,Eastgate Cleaning Corp (Astana branch),"Withholding tax reclaim received — Zhezkazgan compound, instalment 3",7035468.67,USD
TXN-9748-0026,2025-08-03,ACC-9748,Trident Power Cooperative (Turkistan point),Environmental emissions tax — Zhezkazgan compound 2024,-460439.07,USD
TXN-9766-0012,2025-08-03,ACC-9766,Umbrella Facilities Mgmt Trading House (Pavlodar block),"Telecom service credit received — Atyrau terminal, April",5606884.40,USD
TXN-9813-0015,2025-08-03,ACC-9813,Dunmore Printing Partners (Kyzylorda station),Workers comp insurance — H1,-3111116.90,USD
TXN-9819-0023,2025-08-03,ACC-9819,Dunmore Uniforms Holdings,"Cold store lease — Aktobe hub, final call 2026",-265646161.65,USD
TXN-9873-0048,2025-08-03,ACC-9873,Hartley Tax Advisory Ltd (Ekibastuz block B),"Interest income on term deposit — Turkistan point, Q3",1057453.02,USD
TXN-B2-0012,2025-08-03,ACC-7202,Blue Ridge Payroll Services Service Centre,"Rent for staff dormitory — Oskemen unit, October",-273297.97,USD
TXN-F2-0045,2025-08-03,ACC-7302,Hartley Janitorial Corp Holding,"Interest on trade facility — Karaganda yard, December 2025",-3307019.53,USD
TXN-9449-0006,2025-08-04,ACC-9449,Foxridge Catering Partners,"Media buy rate adjustment credit — Kyzylorda station, October 2024",1550510.64,USD
TXN-9709-0016,2025-08-04,ACC-9709,Glenwood Waste Systems Trust (Almaty office),Insurance premium refund — Zhezkazgan compound,15872533.46,USD
TXN-B5-0007,2025-08-04,ACC-7205,Syrdarya Capital LLP,Management retainer fee,-304651.41,USD
TXN-F3-0005,2025-08-04,ACC-7303,Syrdarya Capital LLP,Management retainer fee,-293230.52,USD
TXN-J1-0060,2025-08-04,ACC-7601,Cedarville Logistics Co (Karaganda yard),"Plant and boiler insurance premium — Pavlodar block, instalment 1",-6027956.61,USD
TXN-X2-0029,2025-08-04,ACC-7831,Foxridge Power LLC,Lease incentive received — Aktobe hub 2025,3267089.75,USD
TXN-9108-0040,2025-08-05,ACC-9108,Cedarville Water Works Corp (Atyrau terminal),VAT refund received — final call,2057614.99,USD
TXN-9974-0043,2025-08-05,ACC-9974,Eastgate Security Holdings (Atyrau terminal),Property tax payment — September 2026,-591468.57,USD
TXN-B3-0056,2025-08-05,ACC-7203,Kingsley Building Services Group (Oskemen unit),Insurance deductible recovery — Almaty office,5714610.80,USD
TXN-G3-0019,2025-08-05,ACC-7403,Juniper Telecom Inc Works,"Unclaimed payroll returned — Zhezkazgan compound, July",1972772.56,USD
TXN-H1-0021,2025-08-05,ACC-7501,Bridgeport Office Supplies (Uralsk annex),Rent for archive premises — August,-2390764.48,USD
TXN-H5-0058,2025-08-05,ACC-7505,Cedarville Property Inc (Kostanay centre),"Withholding tax reclaim received — Karaganda yard, January 2026",491210.17,USD
TXN-X2-0017,2025-08-05,ACC-7831,Juniper Tax Advisory LLC (Turkistan point),"Revolver interest — Aktobe hub, March",-1412033.24,USD
TXN-9083-0050,2025-08-06,ACC-9083,Glenwood Supply LLC (Shymkent depot),"Withholding tax reclaim received — Almaty office, final call 2024",267083.04,USD
TXN-9432-0012,2025-08-06,ACC-9432,Glenwood Maintenance Services (Ekibastuz block B),"Land lease — Kostanay centre, instalment 2",-6120056.66,USD
TXN-9610-0035,2025-08-06,ACC-9610,Juniper Property Services (Kostanay centre),"Executive payroll run — Taraz site, October",-239981145.03,USD
TXN-F3-0019,2025-08-06,ACC-7303,Ashford Utility Corp Supply (Ekibastuz block B),Product launch ad campaign — Atyrau terminal,-36597980.68,USD
TXN-G1-0017,2025-08-06,ACC-7401,Kingsley Payroll Trust (Atyrau terminal),Rent overpayment refunded 2026,556820.97,USD
TXN-G1-0025,2025-08-06,ACC-7401,Dunmore Maintenance Trust (Kostanay centre),"Rooftop lease — Shymkent depot, December 2025",-16799279.74,USD
TXN-J3-0006,2025-08-06,ACC-7603,Dunmore Water Works Co JSC,Interest income on term deposit — Oskemen unit,354239.21,USD
TXN-S1-0033,2025-08-06,ACC-7001,Dunmore Waste Systems LLC (Zhezkazgan compound),"Payroll tranche for field crew — Oskemen unit, June 2024",-216988623.56,USD
TXN-9032-0010,2025-08-07,ACC-9032,Dunmore Leasing Associates (Ekibastuz block B),Default interest charge — Uralsk annex,-214818857.20,USD
TXN-9188-0029,2025-08-07,ACC-9188,Eastgate Catering Services (Ekibastuz block B),Payroll advance recovered from staff — Almaty office 2026,13909674.72,USD
TXN-9296-0004,2025-08-07,ACC-9296,Ironwood Office Supplies Group (Semey base),Tax assessment reversal — Astana branch,177714.13,USD
TXN-F3-0035,2025-08-07,ACC-7303,Foxridge Supply Inc Supply (Karaganda yard),Telecom leased line — Zhezkazgan compound 2026,-1461951.47,USD
TXN-G1-0020,2025-08-07,ACC-7401,Meridian Restructuring Advisers,Restructuring-related plant repair and line decommissioning,-690314.22,USD
TXN-G2-0048,2025-08-07,ACC-7402,Evergreen Janitorial (Shymkent depot),Depot yard rent — final call,-389731.04,USD
TXN-H3-0006,2025-08-07,ACC-7503,Ashford Payroll Partners (Shymkent depot),Utility metering charge,-2681373.68,USD
TXN-J1-0049,2025-08-07,ACC-7601,Ironwood Realty Services (Uralsk annex),"Fidelity bond insurance — Kostanay centre, instalment 2 2025",-726377.58,USD
TXN-S3-0004,2025-08-07,ACC-7003,Tobol Emergency Contractors LLP,Storm damage emergency repair works,-1018162.53,USD
TXN-9244-0017,2025-08-08,ACC-9244,Ironwood Utility Solutions (Atyrau terminal),Rent free period credit — period 04 2024,1189175.31,USD
TXN-F2-0053,2025-08-08,ACC-7302,Bridgeport Property Ltd Supply,Credit facility interest — period 01,-5452961.96,USD
TXN-F3-0012,2025-08-08,ACC-7303,Cedarville Maintenance Associates Company,Payroll bonus disbursement — June,-1755434.11,USD
TXN-G1-0032,2025-08-08,ACC-7401,Ironwood Power Trust (Shymkent depot),Telecom service credit received — September 2025,269985.05,USD
TXN-J2-0019,2025-08-08,ACC-7602,Foxridge Tax Advisory Corp JSC,Travel insurance for staff — Atyrau terminal 2025,-13794335.53,USD
TXN-9114-0032,2025-08-09,ACC-9114,Glenwood Maintenance Services (Astana branch),Retail unit rent — period 04,-11740809.39,USD
TXN-9727-0023,2025-08-09,ACC-9727,Bridgeport Realty Inc Service Centre,Property tax rebate — July,25084187.41,USD
TXN-9749-0032,2025-08-09,ACC-9749,Glenwood Cleaning Ltd (Zhezkazgan compound),Vehicle livery marketing application — Q3,-3362754.24,USD
TXN-9888-0014,2025-08-09,ACC-9888,Juniper Payroll Associates (Almaty office),Utility deposit returned — Kostanay centre,8320108.05,USD
TXN-F1-0025,2025-08-09,ACC-7301,Granger Utilities Holding Trading House,Marketing photography and artwork — Karaganda yard,-221542.11,USD
TXN-G1-0026,2025-08-09,ACC-7401,Cedarville Cleaning Group (Astana branch),"Lease deposit released — Karaganda yard, final call",4803310.38,USD
TXN-S1-0004,2025-08-09,ACC-7001,Hartley Payroll LLC,"Rent for staff dormitory — Kyzylorda station, February",-2483933.63,USD
TXN-X2-0057,2025-08-09,ACC-7831,Bridgeport Facilities LLC (Kostanay centre),"Franchise tax filing — Oskemen unit, October 2025",-4237893.92,USD
TXN-9025-0047,2025-08-10,ACC-9025,Foxridge Cleaning Co (Aktobe hub),"Rent deposit returned — Zhezkazgan compound, Q4 2025",2737052.09,USD
TXN-9659-0033,2025-08-10,ACC-9659,Hartley Courier Corp (Taraz site),"Franchise tax filing — Uralsk annex, January",-579490.72,USD
TXN-9855-0008,2025-08-10,ACC-9855,Dunmore Stationery Inc Ltd,Printed marketing collateral run — Pavlodar block 2026,-5100339.10,USD
TXN-H1-0001,2025-08-10,ACC-7501,Ashford Security,Corporate brand marketing programme — Pavlodar block 2026,-5072219.52,USD
TXN-H1-0049,2025-08-10,ACC-7501,Hartley Waste Systems Solutions Ltd (Aktobe hub),Ground lease instalment — Uralsk annex,-345397.53,USD
TXN-H2-0044,2025-08-10,ACC-7502,Hartley Leasing Services (Taraz site),"Interest rebate on early repayment — Uralsk annex, H2 2026",859478.65,USD
TXN-S1-0052,2025-08-10,ACC-7001,Acme Office Supplies (Astana branch),Quarterly interest coupon — final call,-2552465.35,USD
TXN-X2-0007,2025-08-10,ACC-7831,Bridgeport Uniforms Trust (Atyrau terminal),"Marketing overbilling refund — Aktobe hub, period 02 2025",8654433.28,USD
TXN-9635-0020,2025-08-11,ACC-9635,Ironwood Printing Ltd (Pavlodar block),Compressed air utility charge — April,-1655228.51,USD
TXN-9847-0019,2025-08-11,ACC-9847,Cedarville Tax Advisory Partners Ltd (Shymkent depot),"Rent for regional office — Pavlodar block, Q3",-371787.75,USD
TXN-B2-0018,2025-08-11,ACC-7202,Dunmore Telecom Partners (Turkistan point),"Water and sewer charge — Semey base, period 03",-151432.45,USD
TXN-F2-0044,2025-08-11,ACC-7302,Almaty Media Partners LLP,Third-quarter marketing campaign,-195346.07,USD
TXN-G1-0027,2025-08-11,ACC-7401,Glenwood Facilities Holdings Works (Karaganda yard),Parking garage lease — final call,-2135482.19,USD
TXN-H4-0028,2025-08-11,ACC-7504,Zhetysu Capital L.L.P.,Management advisory retainer,-264770.42,USD
TXN-J3-0016,2025-08-11,ACC-7603,Bridgeport Consulting Group Company (Taraz site),"Payroll funding transfer — Ekibastuz block B, period 01",-3094360.45,USD
TXN-9046-0041,2025-08-12,ACC-9046,Juniper Property Services Company,Contractor payroll batch — Karaganda yard 2025,-164393.43,USD
TXN-9637-0014,2025-08-12,ACC-9637,Eastgate Waste Systems Ltd,"Depot yard rent — Taraz site, final call",-9008238.69,USD
TXN-9914-0047,2025-08-12,ACC-9914,Glenwood Payroll Inc,"Franchise tax filing — Pavlodar block, H2 2024",-4158606.55,USD
TXN-9998-0005,2025-08-12,ACC-9998,Cedarville Courier Holdings (Astana branch),"Payroll for security detail — Pavlodar block, July",-297351.64,USD
TXN-H1-0050,2025-08-12,ACC-7501,Ironwood Tax Advisory Inc,"Municipal tax levy — Aktobe hub, period 03 2024",-277163.65,USD
TXN-H4-0006,2025-08-12,ACC-7504,Ironwood Consulting,"Marketing agency creative fees — Oskemen unit, Q4 2026",-14830070.76,USD
TXN-S3-0042,2025-08-12,ACC-7003,Ashford Stationery Corp (Kyzylorda station),Cold store lease — period 03 2024,-7699227.55,USD
TXN-X2-0044,2025-08-12,ACC-7831,Zhaiyk Polymer Trading LLP,Distribution strategy consulting engagement,-455118.62,USD
TXN-9041-0012,2025-08-13,ACC-9041,Kingsley Property Partners (Almaty office),Digital media buy — display — Astana branch 2024,-442799.21,USD
TXN-9520-0040,2025-08-13,ACC-9520,Eastgate Property Supply,Marketing agency creative fees — Q4 2024,-4124734.28,USD
TXN-9716-0005,2025-08-13,ACC-9716,Bridgeport Stationery Co Group (Kostanay centre),Interest on overdraft sweep — Karaganda yard,-19970071.35,USD
TXN-B2-0008,2025-08-14,ACC-7202,Ashford Logistics LP (Kostanay centre),Payroll agency rebate — final call 2024,235195.92,USD
TXN-B2-0031,2025-08-14,ACC-7202,Ashford Payroll Partners Ltd,Interest recovery on overpayment — H2 2026,299708.64,USD
TXN-H4-0047,2025-08-14,ACC-7504,Dunmore Stationery Inc Enterprise,Customer newsletter marketing production — Almaty office 2024,-10121277.63,USD
TXN-J1-0029,2025-08-14,ACC-7601,Zhetysu Agro Trading LLP,Seasonal storage sales settlement Q3,1698329.04,USD
TXN-J2-0054,2025-08-14,ACC-7602,Hartley Insurance Inc (Kostanay centre),Compressed air utility charge — Aktobe hub,-4264293.21,USD
TXN-X3-0038,2025-08-14,ACC-7832,Bridgeport Logistics Corp Group,"Franchise tax filing — Atyrau terminal, January",-1800307.45,USD
TXN-9079-0001,2025-08-15,ACC-9079,Ironwood Telecom Ltd (Semey base),Telecom service credit received — Astana branch,1767484.80,USD
TXN-9100-0028,2025-08-15,ACC-9100,Ironwood Leasing Partners,Rooftop lease — Aktobe hub 2024,-27534307.13,USD
TXN-9220-0031,2025-08-15,ACC-9220,Eastgate Telecom Group,"Payroll bonus disbursement — Astana branch, period 04 2025",-174939832.80,USD
TXN-9983-0010,2025-08-15,ACC-9983,Juniper Realty Partners Works,"Rent deposit returned — Pavlodar block, Q1",1483300.38,USD
TXN-B2-0022,2025-08-15,ACC-7202,Dunmore Courier Services Company (Semey base),"Capitalised interest charge — Oskemen unit, period 03 2025",-19182953.14,USD
TXN-B3-0051,2025-08-15,ACC-7203,Umbrella Facilities Mgmt (Kyzylorda station),"Electricity bill — Turkistan point, instalment 3",-11584857.12,EUR
TXN-F1-0044,2025-08-15,ACC-7301,Development Bank of Kazakhstan JSC,Loan interest payment for the third quarter,-913447.28,USD
TXN-H3-0015,2025-08-15,ACC-7503,Kargaly Holdings L.L.P.,Intercompany advisory settlement,-271455.29,USD
TXN-X3-0082,2025-08-15,ACC-7832,Bayanaul Power Trading LLP,Dispatch strategy consulting engagement,-382905.61,USD
TXN-9802-0037,2025-08-16,ACC-9802,Glenwood Realty Solutions,Default interest charge — Taraz site,-20130471.29,EUR
TXN-B2-0046,2025-08-16,ACC-7202,Foxridge Leasing Solutions,"Interest on finance sublease — Semey base, July",-5453335.90,USD
TXN-B5-0034,2025-08-16,ACC-7205,Cedarville Catering Solutions,Customer newsletter marketing production — Pavlodar block 2025,-1182833.76,USD
TXN-F3-0045,2025-08-16,ACC-7303,Bridgeport Telecom Holdings JSC (Kostanay centre),Outdoor marketing site hire — Ekibastuz block B,-983789.28,USD
TXN-J1-0042,2025-08-16,ACC-7601,Juniper Security Corp (Ekibastuz block B),Interest on overdraft sweep — instalment 2 2026,-4028383.12,USD
TXN-J5-0046,2025-08-16,ACC-7605,Cedarville Landscaping Partners LLP,Interest on export credit line — September,-230218.84,USD
TXN-KC-REV-07,2025-08-16,TELE-4471,Dunmore Uniforms Holdings (Oskemen unit),"Water charge adjustment credit — Almaty office, January",1090469.21,USD
TXN-X2-0076,2025-08-16,ACC-7831,Cedarville Landscaping Partners (Ekibastuz block B),Payroll accrual reversal — period 03 2025,15484780.14,USD
TXN-9562-0002,2025-08-17,ACC-9562,Hartley Uniforms LP (Ekibastuz block B),Water and sewer charge — Q1,-500705.74,USD
TXN-F3-0051,2025-08-17,ACC-7303,Dunmore Landscaping Group Service Centre,"Municipal water charge — Turkistan point, August",-742970.59,EUR
TXN-X1-0032,2025-08-17,ACC-7830,Bridgeport Security Associates JSC (Aktobe hub),"Revolver interest — Astana branch, period 04",-107173551.04,USD
TXN-9739-0046,2025-08-18,ACC-9739,Dunmore Uniforms Holdings Service Centre (Zhezkazgan compound),Default interest charge — Q1 2025,-168086.21,EUR
TXN-9930-0015,2025-08-18,ACC-9930,Foxridge Building Services Trust Works,Tax overpayment refunded — April,2649377.43,USD
TXN-F1-0003,2025-08-18,ACC-7301,Rheinkatalyse Anlagen GmbH,Imported catalyst processing equipment,-410297.69,EUR
TXN-9259-0038,2025-08-19,ACC-9259,Glenwood Realty Solutions (Taraz site),Overdraft interest 2024,-257732.42,USD
TXN-9362-0034,2025-08-19,ACC-9362,Juniper Printing Inc (Astana branch),Vehicle tax payment — Pavlodar block,-9457795.58,USD
TXN-9389-0042,2025-08-19,ACC-9389,Foxridge Tax Advisory Corp (Semey base),Lease incentive received,1031441.95,USD
TXN-9518-0025,2025-08-19,ACC-9518,Ashford Maintenance LLC Holding (Karaganda yard),"Payroll top-up transfer — Astana branch, January",-2783489.51,USD
TXN-9702-0033,2025-08-19,ACC-9702,Foxridge Facilities Solutions (Ekibastuz block B),"Interest income on treasury bills — Uralsk annex, February",2395579.48,USD
TXN-B2-0028,2025-08-19,ACC-7202,Cedarville Landscaping Partners,"Insurance premium refund — Astana branch, October",6004329.68,USD
TXN-F1-0050,2025-08-19,ACC-7301,Glenwood Janitorial LP Company,Telecom mobile fleet plan — period 02 2025,-445442.52,USD
TXN-H1-0007,2025-08-19,ACC-7501,Juniper Waste Systems Services (Almaty office),Digital media buy — display — period 03,-3242800.08,USD
TXN-H3-0035,2025-08-19,ACC-7503,Bridgeport Building Services Inc Service Centre,"Telecom services — Shymkent depot, October 2025",-2530408.77,USD
TXN-H5-0050,2025-08-19,ACC-7505,Irtysh Outdoor Media LLP,Outdoor media buy campaign,-168215.55,USD
TXN-J4-0054,2025-08-19,ACC-7604,Bridgeport Courier Solutions Holding,"Utility deposit returned — Turkistan point, December",16802128.87,USD
TXN-KC-CAP-32,2025-08-19,TELE-4471,Juniper Janitorial Ltd (Ekibastuz block B),Interest true-up charge — November 2026,-501209.20,USD
TXN-KC-FIN-28,2025-08-19,TELE-4471,Hartley Realty Holdings (Astana branch),"Equipment yard lease — Zhezkazgan compound, Q4",-5426322.51,EUR
TXN-9097-0036,2025-08-20,ACC-9097,Ironwood Courier Co (Aktobe hub),"Equipment yard lease — Zhezkazgan compound, June",-712606.14,USD
TXN-9268-0004,2025-08-20,ACC-9268,Glenwood Power (Astana branch),Marketing overbilling refund — March 2024,26853143.42,USD
TXN-9552-0026,2025-08-20,ACC-9552,Hartley Utility Trust (Shymkent depot),"Digital media buy — search — Kyzylorda station, period 04",-12554546.16,EUR
TXN-F2-0012,2025-08-20,ACC-7302,Glenwood Water Works LLC,"Excise tax credit received — Taraz site, period 02",2257041.55,USD
TXN-F3-0039,2025-08-20,ACC-7303,City Power & Light LLP,Severance payroll batch — Q1 2026,-1141283.39,USD
TXN-H1-0043,2025-08-20,ACC-7501,Esil Capital Partners LLP,Management advisory retainer,-268904.55,USD
TXN-KC-OPX-14,2025-08-20,TELE-4471,Kingsley Building Services Group Group (Astana branch),Directors and officers insurance — H1,-407612.81,USD
TXN-KC-OPX-24,2025-08-20,TELE-4471,TowerCo Site Management,Tower site servicing and repair contract,-148049777.78,USD
TXN-S2-0050,2025-08-20,ACC-7002,Vanguard Payroll Co Supply (Shymkent depot),"Use tax payment — Semey base, December",-1395683.36,USD
TXN-S2-0055,2025-08-20,ACC-7002,Initech Software Licenses Trading House,Electricity for site lighting — Almaty office 2025,-20662389.81,USD
TXN-B2-0025,2025-08-21,ACC-7202,Hartley Consulting LLC Trading House (Shymkent depot),Payroll overfunding returned — Taraz site,193022129.39,USD
TXN-B3-0053,2025-08-21,ACC-7203,Cedarville Supply Corp (Pavlodar block),Lease deposit released — instalment 3,7415218.79,USD
TXN-H2-0029,2025-08-21,ACC-7502,Cedarville Utility Ltd Group,Excise tax payment — instalment 3,-313903064.51,USD
TXN-J6-0003,2025-08-21,ACC-7606,Hartley Printing Co (Ekibastuz block B),Group medical insurance premium — Aktobe hub 2026,-12179241.32,USD
TXN-S2-0009,2025-08-21,ACC-7002,Rheinkalk Maschinen GmbH,Imported clinker grinding equipment,-553014.49,EUR
TXN-X1-0003,2025-08-21,ACC-7830,Ashford Janitorial Trust,Payroll clearing account sweep back — Ekibastuz block B 2025,720572.55,USD
TXN-X1-0067,2025-08-21,ACC-7830,Steppe Rail Wagons LLP,Purchase of rail hopper wagon equipment,-1643207.68,USD
TXN-X2-0058,2025-08-21,ACC-7831,Cedarville Telecom Services,"Municipal water charge — Ekibastuz block B, January",-1204716.85,USD
TXN-9139-0048,2025-08-22,ACC-9139,Juniper Insurance (Karaganda yard),Credit facility interest — Kyzylorda station,-19627669.18,USD
TXN-9260-0003,2025-08-22,ACC-9260,Hartley Courier Corp (Atyrau terminal),Cold store lease — Taraz site,-736340.81,USD
TXN-9375-0016,2025-08-22,ACC-9375,Dunmore Insurance LP (Kostanay centre),"Cyber insurance premium — Turkistan point, April",-390749.72,USD
TXN-9461-0021,2025-08-22,ACC-9461,Harborview Properties (Turkistan point),Tax overpayment refunded — August 2025,362087528.40,USD
TXN-9711-0020,2025-08-22,ACC-9711,City Power & Light LLP (Taraz site),Product launch ad campaign — April,-2035397.51,USD
TXN-J2-0023,2025-08-22,ACC-7602,Juniper Cleaning (Shymkent depot),"Cyber insurance premium — Almaty office, October",-6271343.78,USD
TXN-J3-0046,2025-08-22,ACC-7603,Bridgeport Power Corp Holding,Marketing overbilling refund — Aktobe hub,5265390.19,USD
TXN-J4-0047,2025-08-22,ACC-7604,Altai Cathode Buyers LLP,Cathode offtake sales settlement Q3,2959181.72,USD
TXN-9497-0005,2025-08-23,ACC-9497,Ashford Courier Trust Enterprise,Tax overpayment refunded — Pavlodar block,5162710.32,USD
TXN-9989-0042,2025-08-23,ACC-9989,Ashford Logistics LP Works,"Unused ad campaign budget returned — Pavlodar block, Q2",1905936.80,USD
TXN-H4-0012,2025-08-23,ACC-7504,Cedarville Office Supplies Associates (Ekibastuz block B),Product launch ad campaign — April,-472106.84,USD
TXN-J6-0025,2025-08-23,ACC-7606,Glenwood Facilities Holdings LLP (Taraz site),Telecom service credit received — Almaty office,7318144.23,USD
TXN-S2-0034,2025-08-23,ACC-7002,Glenwood Uniforms Group Enterprise,"Interest rebate on early repayment — Oskemen unit, October",644501.38,USD
TXN-X3-0086,2025-08-23,ACC-7832,Cedarville Maintenance Associates Supply,"Electricity metering correction credit — Shymkent depot, September",4270136.34,USD
TXN-9002-0008,2025-08-24,ACC-9002,Cedarville Logistics Co Group,Interest rebate on early repayment — Kostanay centre,127794153.72,USD
TXN-9154-0005,2025-08-24,ACC-9154,Trident Power Cooperative (Astana branch),"Interest on overdraft sweep — Oskemen unit, H2 2024",-937702.87,USD
TXN-F2-0061,2025-08-24,ACC-7302,Juniper Cleaning (Semey base),Political risk insurance 2024,-935329.54,USD
TXN-G2-0053,2025-08-24,ACC-7402,Juniper Water Works Trust Service Centre (Kostanay centre),Interest on overdraft sweep — Zhezkazgan compound,-7168042.11,USD
TXN-H4-0018,2025-08-24,ACC-7504,Kingsley Tax Advisory (Uralsk annex),Interest on finance sublease — Atyrau terminal,-285935.02,USD
TXN-9138-0009,2025-08-25,ACC-9138,Eastgate Power Inc (Atyrau terminal),Interest on bilateral facility — May 2024,-178387.57,USD
TXN-9881-0027,2025-08-25,ACC-9881,Bridgeport Landscaping Services,Sewer discharge levy,-6899969.58,USD
TXN-B2-0038,2025-08-25,ACC-7202,Hartley Logistics Associates (Kostanay centre),"Retail unit rent — Zhezkazgan compound, Q4 2024",-230128.35,USD
TXN-F1-0035,2025-08-25,ACC-7301,Eastgate Maintenance Solutions Service Centre (Ekibastuz block B),"Electricity overbilling refund — Taraz site, June",248581.18,USD
TXN-KC-REV-08,2025-08-25,TELE-4471,Cedarville Insurance Group (Ekibastuz block B),Monthly payroll disbursement — November 2026,-15850004.75,USD
TXN-S1-0026,2025-08-25,ACC-7001,Beacon Tax Advisors,Interest income on term deposit — Shymkent depot,366314.05,USD
TXN-9571-0006,2025-08-26,ACC-9571,Eastgate Janitorial Partners Holding (Ekibastuz block B),Radio ad campaign schedule — September 2024,-380557.89,USD
TXN-9889-0048,2025-08-26,ACC-9889,Hartley Building Services Holdings (Turkistan point),Payroll for security detail 2026,-3223564.28,USD
TXN-F2-0037,2025-08-26,ACC-7302,Ironwood Payroll Works,Electricity metering correction credit — Atyrau terminal 2025,1479747.79,USD
TXN-G1-0036,2025-08-26,ACC-7401,Tengiz Industrial Insurance JSC,Insurance excess settled on the decommissioning claim,-384617.53,USD
TXN-H1-0024,2025-08-26,ACC-7501,Dunmore Water Works Co Ltd,"Unused ad campaign budget returned — Oskemen unit, January",970732.92,USD
TXN-H2-0006,2025-08-26,ACC-7502,Juniper Realty Partners Works (Almaty office),"Interest income on treasury bills — Karaganda yard, May 2026",972976.59,USD
TXN-J2-0014,2025-08-26,ACC-7602,Hartley Power Associates,"Political risk insurance — Oskemen unit, period 04",-442498.83,USD
TXN-X2-0074,2025-08-26,ACC-7831,Nordwerk Polymertechnik GmbH,Purchase of pelletising machinery instalment,-1842317.44,EUR
TXN-9574-0044,2025-08-27,ACC-9574,Ironwood Catering Corp (Semey base),Rent for spare parts store — H1,-9192158.28,USD
TXN-F1-0040,2025-08-27,ACC-7301,Cedarville Landscaping Partners (Karaganda yard),Payroll for laboratory staff — August,-3238806.79,USD
TXN-H2-0008,2025-08-27,ACC-7502,Foxridge Leasing Solutions (Taraz site),Bi-weekly payroll run — Shymkent depot,-280373.08,USD
TXN-H3-0024,2025-08-27,ACC-7503,Juniper Building Services Partners (Uralsk annex),"Payroll for drivers — Turkistan point, period 02 2026",-2253059.34,USD
TXN-J2-0017,2025-08-27,ACC-7602,Sterling Office Solutions Group (Atyrau terminal),"Vehicle tax payment — Turkistan point, H1",-3954587.87,USD
TXN-J6-0006,2025-08-27,ACC-7606,Bridgeport Tax Advisory Services JSC (Kyzylorda station),"Auto fleet insurance — Shymkent depot, February 2024",-1400955.27,EUR
TXN-J6-0009,2025-08-27,ACC-7606,Danube Transit Energy GmbH,Cross-border transit tariff sales settlement Q3,2725137.37,EUR
TXN-9749-0003,2025-08-28,ACC-9749,Ashford Realty Ltd,Excise tax credit received — Q3,2066637.43,USD
TXN-9793-0003,2025-08-28,ACC-9793,Ironwood Telecom Ltd,Ground lease instalment — Atyrau terminal,-1942274.78,USD
TXN-J2-0005,2025-08-28,ACC-7602,Hartley Power Associates Company,Rent for archive premises — Uralsk annex 2024,-227934.12,USD
TXN-J5-0050,2025-08-28,ACC-7605,Stalwart Mutual Insurance Trading House,Customs duty and tax payment — Almaty office,-14057198.50,USD
TXN-J6-0029,2025-08-28,ACC-7606,Foxridge Supply Inc (Oskemen unit),Radio ad campaign schedule — period 04,-362272.44,USD
TXN-X3-0080,2025-08-28,ACC-7832,Foxridge Landscaping Corp Company,Unearned insurance premium return 2026,688324.03,USD
TXN-9280-0042,2025-08-29,ACC-9280,Foxridge Telecom LP Trading House,"Electricity for site lighting — Ekibastuz block B, September",-21555282.31,USD
TXN-9908-0036,2025-08-29,ACC-9908,Ironclad Security Services Partners,"Cold store lease — Atyrau terminal, July",-1042526.86,USD
TXN-B5-0001,2025-08-29,ACC-7205,Development Bank of Kazakhstan JSC,Loan interest payment for the third quarter,-1842006.73,USD
TXN-H1-0046,2025-08-29,ACC-7501,Glenwood Utility Associates (Kyzylorda station),"Directors and officers insurance — Taraz site, period 04 2024",-3289228.74,USD
TXN-H5-0011,2025-08-29,ACC-7505,Bridgeport Janitorial Solutions (Ekibastuz block B),"Term loan interest — Kostanay centre, April",-6865275.63,USD
TXN-J3-0007,2025-08-29,ACC-7603,Turan Apparel Export LLP,Textile export sales settlement 2025,9358965.30,USD
TXN-J5-0009,2025-08-29,ACC-7605,Bridgeport Building Services Inc (Taraz site),Professional indemnity insurance — Turkistan point,-285814.53,USD
TXN-J6-0042,2025-08-29,ACC-7606,Kingsley Power Holdings (Uralsk annex),"Payroll funding transfer — Oskemen unit, May 2025",-1309389.64,USD
TXN-9351-0009,2025-08-30,ACC-9351,Ashford Printing Solutions Supply (Karaganda yard),"Marketing photography and artwork — Kostanay centre, final call 2024",-460024.73,USD
TXN-9916-0032,2025-08-30,ACC-9916,Dunmore Realty (Kyzylorda station),Payroll clearing account sweep back — Ekibastuz block B 2025,4169661.27,USD
TXN-9929-0016,2025-08-30,ACC-9929,Juniper Facilities Group (Zhezkazgan compound),Marketing photography and artwork — Uralsk annex,-8695409.37,USD
TXN-H1-0006,2025-08-30,ACC-7501,Dunmore Landscaping Group,Rent for spare parts store 2024,-808007.59,USD
TXN-H4-0037,2025-08-30,ACC-7504,Ironwood Maintenance Group Works,"Interest on escrow balance — Turkistan point, September",184643.22,USD
TXN-H5-0035,2025-08-30,ACC-7505,Hartley Water Works Ltd,"Interest true-up charge — Almaty office, August",-3783055.81,USD
TXN-J2-0053,2025-08-30,ACC-7602,Juniper Facilities Group Works,"Printed marketing collateral run — Uralsk annex, instalment 2 2025",-379739.36,USD
TXN-X3-0052,2025-08-30,ACC-7832,Eastgate Telecom Group,Bi-weekly payroll run — December,-8895389.30,EUR
TXN-9961-0010,2025-08-31,ACC-9961,Hartley Power Associates (Kyzylorda station),"Bi-weekly payroll run — Oskemen unit, period 02",-3933268.70,USD
TXN-B2-0015,2025-08-31,ACC-7202,Eastgate Supply Ltd Enterprise,Utility metering charge 2026,-4865079.82,USD
TXN-J5-0003,2025-08-31,ACC-7605,Foxridge Power LLC JSC,Payroll for night shift — Kyzylorda station,-1354281.30,USD
TXN-S2-0006,2025-08-31,ACC-7002,Eastgate Leasing Trust Partners,Interest income on treasury bills — Semey base,134600.90,USD
TXN-9103-0020,2025-09-01,ACC-9103,Ironwood Catering Corp (Karaganda yard),"Lease incentive received — Aktobe hub, final call",1094973.19,USD
TXN-9466-0022,2025-09-01,ACC-9466,Crown City Water Board Company,Interest on overdraft sweep — Q2 2026,-4802602.42,USD
TXN-9946-0027,2025-09-01,ACC-9946,Ashford Building Services Ltd (Taraz site),"Tax penalty settlement charge — Karaganda yard, Q4",-329076.09,USD
TXN-H1-0033,2025-09-01,ACC-7501,Eastgate Payroll Co (Shymkent depot),"Telecom leased line — Semey base, instalment 3",-1061015.15,USD
TXN-J3-0043,2025-09-01,ACC-7603,Dunmore Courier Services (Taraz site),Payroll overfunding returned — October 2025,799683.75,USD
TXN-S1-0049,2025-09-01,ACC-7001,Ashford Facilities Inc (Uralsk annex),Interest true-up charge,-6911409.07,USD
TXN-9865-0047,2025-09-02,ACC-9865,Eastgate Janitorial Partners (Turkistan point),Printed marketing collateral run 2026,-20411668.57,USD
TXN-B3-0021,2025-09-02,ACC-7203,Eastgate Janitorial Partners (Shymkent depot),"Land lease — Kostanay centre, Q4",-3434247.62,USD
TXN-J2-0026,2025-09-02,ACC-7602,Dunmore Utility Inc Enterprise,Hourly staff payroll — August 2024,-394667.44,USD
TXN-X2-0025,2025-09-02,ACC-7831,Kaspi Industrial Repairs LLP,Non-recurring storm damage repair to warehouse roof,-1043772.64,USD
TXN-X3-0075,2025-09-02,ACC-7832,Bridgeport Property Ltd (Semey base),"Rent for spare parts store — Astana branch, August",-4507604.36,USD
TXN-9562-0025,2025-09-03,ACC-9562,Dunmore Tax Advisory Group,Point-of-sale marketing materials — instalment 1,-8098942.63,USD
TXN-9597-0013,2025-09-03,ACC-9597,Foxridge Waste Systems Associates,"Interest income on treasury bills — Aktobe hub, H1 2024",448137.40,USD
TXN-B2-0010,2025-09-03,ACC-7202,Foxridge Stationery Works (Shymkent depot),"Sewer discharge levy — Shymkent depot, Q4 2026",-8333860.19,USD
TXN-J6-0053,2025-09-03,ACC-7606,Eastgate Water Works Ltd Company,"Electricity for site lighting — Shymkent depot, January",-12709241.59,USD
TXN-S1-0025,2025-09-03,ACC-7001,Eastgate Office Supplies Solutions Enterprise (Kostanay centre),"Trade press marketing insertion — Aktobe hub, period 04",-484129.01,USD
TXN-9109-0033,2025-09-04,ACC-9109,Bridgeport Leasing LLC Group,Excise tax remittance — Oskemen unit,-1592039.86,EUR
TXN-G2-0038,2025-09-04,ACC-7402,Juniper Water Works Trust JSC (Almaty office),"Payroll for laboratory staff — Karaganda yard, August 2024",-856528.95,USD
TXN-G2-0052,2025-09-04,ACC-7402,Hartley Consulting LLC (Semey base),"Land lease — Kostanay centre, instalment 2",-1222857.71,USD
TXN-H1-0025,2025-09-04,ACC-7501,Eastgate Utility LLC,Cyber insurance premium — Oskemen unit,-9783424.12,USD
TXN-H5-0020,2025-09-04,ACC-7505,Cedarville Facilities LLP,"Payroll agency rebate — Pavlodar block, April",8760886.52,EUR
TXN-H5-0030,2025-09-04,ACC-7505,Glenwood Printing Corp (Pavlodar block),"Interest on overdraft sweep — Kyzylorda station, June",-1281211.49,USD
TXN-J6-0033,2025-09-04,ACC-7606,Bridgeport Waste Systems Ltd (Kyzylorda station),Excise tax payment — instalment 3,-24417704.52,USD
TXN-9023-0035,2025-09-05,ACC-9023,Juniper Janitorial Ltd (Zhezkazgan compound),Cyber insurance premium — instalment 1 2026,-8224943.74,USD
TXN-9779-0030,2025-09-05,ACC-9779,Ashford Property Co (Shymkent depot),Corporate income tax instalment — instalment 2,-16053373.10,USD
TXN-9827-0026,2025-09-05,ACC-9827,Eastgate Landscaping LP (Ekibastuz block B),Office rent — instalment 3,-30125582.59,USD
TXN-B2-0043,2025-09-05,ACC-7202,Beineu Holdings L.L.P.,Intercompany advisory settlement,-304609.80,USD
TXN-F2-0026,2025-09-05,ACC-7302,Tengri Brand Studio,Brand advisory engagement,-146448.46,USD
TXN-G2-0046,2025-09-05,ACC-7402,East Kazakhstan Trading JSC,Wholesale product sales settlement 2025,7612884.41,USD
TXN-H3-0037,2025-09-05,ACC-7503,Ashford Payroll Partners Service Centre,Payroll accrual reversal — Taraz site,2076326.42,USD
TXN-H3-0051,2025-09-05,ACC-7503,Cedarville Maintenance Associates,Telecom service credit received — Almaty office,1020448.43,USD
TXN-J2-0003,2025-09-05,ACC-7602,Statewide Tax Authority (Karaganda yard),Contractor payroll batch — Kyzylorda station,-604011.09,USD
TXN-J3-0021,2025-09-05,ACC-7603,Kazyna Brand Studio LLP,Brand campaign media buy 2025,-217695.10,USD
TXN-J3-0061,2025-09-05,ACC-7603,Glenwood Property Trust,"Printed marketing collateral run — Kostanay centre, period 01 2024",-2661884.25,USD
TXN-KC-OPX-12,2025-09-05,TELE-4471,Legacy Decommissioning Partners,Non-recurring legacy 3G network refurbishment,-24324463.35,USD
TXN-S3-0047,2025-09-05,ACC-7003,Cedarville Facilities (Oskemen unit),"Payroll accrual funding — Uralsk annex, December",-1057281.49,USD
TXN-9349-0033,2025-09-06,ACC-9349,Kingsley Property Partners Supply,Telecom leased line — June 2025,-5048015.91,EUR
TXN-H1-0016,2025-09-06,ACC-7501,Foxridge Stationery (Kyzylorda station),"Media buy rate adjustment credit — Kostanay centre, instalment 1 2026",490942.68,USD
TXN-H2-0004,2025-09-06,ACC-7502,Foxridge Security Services (Pavlodar block),Media buy rate adjustment credit — H2 2026,1058345.34,USD
TXN-KC-CAP-37,2025-09-06,TELE-4471,Crown City Water Board JSC,Interest on working capital line — December,-9125018.06,USD
TXN-9658-0009,2025-09-07,ACC-9658,Foxridge Catering Partners (Almaty office),Interest recovery on overpayment — Uralsk annex 2024,226164115.11,USD
TXN-B2-0055,2025-09-07,ACC-7202,Ashford Office Supplies LLC (Pavlodar block),"Cold store lease — Taraz site, May",-847456.42,USD
TXN-9815-0030,2025-09-08,ACC-9815,Dunmore Courier Services Supply (Pavlodar block),Excise tax remittance — September 2025,-526839.63,USD
TXN-S3-0056,2025-09-08,ACC-7003,Eastgate Catering Services (Zhezkazgan compound),Business interruption insurance — Atyrau terminal 2025,-438833.74,USD
TXN-9055-0050,2025-09-09,ACC-9055,Initech Software Licenses (Kostanay centre),"Tax assessment reversal — Ekibastuz block B, H1 2026",3337156.49,USD
TXN-9956-0041,2025-09-09,ACC-9956,Hartley Security Group (Atyrau terminal),"Marketing photography and artwork — Kostanay centre, period 02",-5704508.06,USD
TXN-B3-0027,2025-09-09,ACC-7203,Dunmore Realty Group,Electricity overbilling refund — period 01,241180.41,USD
TXN-H4-0007,2025-09-09,ACC-7504,Bridgeport Water Works LP (Pavlodar block),Marketing co-operative funding received — Astana branch,1311122.37,USD
TXN-J1-0072,2025-09-09,ACC-7601,Talgar Logistics Support LLP,Fleet servicing and depot maintenance Q3,-1331773.54,USD
TXN-X1-0073,2025-09-09,ACC-7830,Ironwood Realty Services JSC,Payroll top-up transfer — instalment 2 2026,-16909688.77,USD
TXN-X2-0023,2025-09-09,ACC-7831,Foxridge Payroll Ltd,Plant and boiler insurance premium — July 2024,-1153084.74,USD
TXN-9046-0039,2025-09-10,ACC-9046,Hartley Realty Holdings,Tax overpayment refunded 2025,11146440.83,USD
TXN-9055-0031,2025-09-10,ACC-9055,Dunmore Cleaning LP Supply,Rent overpayment refunded — instalment 3,3681297.78,USD
TXN-9597-0050,2025-09-10,ACC-9597,Cedarville Property Inc Trading House,"Cold store lease — Astana branch, final call",-1896399.27,USD
TXN-9908-0017,2025-09-10,ACC-9908,Eastgate Property (Pavlodar block),Cold store lease — instalment 1 2025,-352679.35,USD
TXN-B2-0057,2025-09-10,ACC-7202,Hartley Stationery Trust (Zhezkazgan compound),Natural gas utility — Atyrau terminal,-1468070.57,USD
TXN-G3-0040,2025-09-10,ACC-7403,Juniper Catering Co Group,Outdoor marketing site hire — Q2 2024,-3557864.84,USD
TXN-G3-0054,2025-09-10,ACC-7403,Hartley Waste Systems Solutions Supply (Almaty office),"Withholding tax remittance — Atyrau terminal, period 04",-15416728.14,USD
TXN-J4-0010,2025-09-10,ACC-7604,Dunmore Payroll Corp (Pavlodar block),Motor third-party insurance — Almaty office,-37151058.29,USD
TXN-J5-0019,2025-09-10,ACC-7605,Ashford Landscaping Holdings (Oskemen unit),Interest recovery on overpayment — Oskemen unit 2024,1312807.95,USD
TXN-KC-CON-40,2025-09-10,TELE-4471,Bridgeport Building Services Inc,"Interest income on treasury bills — Karaganda yard, November 2026",248278.18,USD
TXN-9224-0014,2025-09-11,ACC-9224,Foxridge Payroll Ltd Works,Insurance claim reimbursement — Oskemen unit,2365611.71,USD
TXN-9337-0026,2025-09-11,ACC-9337,Bridgeport Payroll Group Holding,Marketing photography and artwork — Oskemen unit 2025,-10431494.81,USD
TXN-9434-0037,2025-09-11,ACC-9434,Bridgeport Power Corp Partners (Oskemen unit),Marketing overbilling refund — December,421755.65,USD
TXN-F1-0046,2025-09-11,ACC-7301,Foxridge Maintenance Holdings Trading House,Payroll advance recovered from staff 2024,1713103.53,USD
TXN-G1-0045,2025-09-11,ACC-7401,Glenwood Waste Systems Trust,"Excise tax credit received — Kyzylorda station, October 2026",1027930.14,USD
TXN-H5-0034,2025-09-11,ACC-7505,Juniper Property Services Trading House,Property tax rebate — May,1615295.96,USD
TXN-J4-0033,2025-09-11,ACC-7604,Foxridge Facilities Solutions Holding,Marketing agency creative fees — Uralsk annex,-186256.88,USD
TXN-KC-MKT-40,2025-09-11,TELE-4471,Lakeshore Insurance Brokers Enterprise (Aktobe hub),"Electricity overbilling refund — Astana branch, H1",385960.88,USD
TXN-9158-0021,2025-09-12,ACC-9158,Northwind Catering (Kyzylorda station),"Payroll for warehouse staff — Turkistan point, period 02",-233966.67,USD
TXN-9194-0006,2025-09-12,ACC-9194,Halcyon Facilities Group Enterprise (Aktobe hub),"Corporate income tax instalment — Kyzylorda station, period 03",-359701.71,EUR
TXN-B5-0033,2025-09-12,ACC-7205,Astyk Trans Export JSC,Grain handling sales settlement 2025,11810944.19,USD
TXN-F1-0001,2025-09-12,ACC-7301,Juniper Realty Partners (Atyrau terminal),"Utility deposit returned — Taraz site, Q2",2883871.32,USD
TXN-F1-0059,2025-09-12,ACC-7301,Dunmore Tax Advisory Group Supply (Kyzylorda station),"Digital media buy — display — Astana branch, September 2024",-1638534.10,USD
TXN-F2-0013,2025-09-12,ACC-7302,Ashford Catering Associates Company,Interest on trade facility — March,-267767.78,USD
TXN-G3-0022,2025-09-12,ACC-7403,Zhambyl Commodities JSC,Wholesale product sales settlement 2025,6942115.28,USD
TXN-H2-0018,2025-09-12,ACC-7502,Kostanay Grain Elevator JSC,Grain handling sales settlement 2025,8604120.37,USD
TXN-J3-0040,2025-09-12,ACC-7603,Bridgeport Office Supplies LLP (Semey base),Severance payroll batch — Turkistan point 2026,-1021253.36,USD
TXN-J6-0002,2025-09-12,ACC-7606,Halyk Bank of Kazakhstan JSC,Loan interest payment 2025,-1128378.65,USD
TXN-S3-0009,2025-09-12,ACC-7003,Qaraganda Holdings L.L.P.,Intercompany advisory settlement,-291733.71,USD
TXN-9370-0008,2025-09-13,ACC-9370,Cedarville Power Co Supply,Payroll advance recovered from staff — Q3 2026,1506684.08,USD
TXN-9373-0004,2025-09-13,ACC-9373,Foxridge Leasing Solutions JSC (Aktobe hub),"Customs duty and tax payment — Atyrau terminal, H1",-110049.63,USD
TXN-9608-0006,2025-09-13,ACC-9608,Bridgeport Maintenance JSC,Payroll clearing account sweep back — August 2024,2151171.81,USD
TXN-F2-0014,2025-09-13,ACC-7302,Bridgeport Tax Advisory Services Supply,Group insurance experience refund — Semey base,2398332.13,USD
TXN-F3-0002,2025-09-13,ACC-7303,Glenwood Consulting Inc Supply,"Capitalised interest charge — Kyzylorda station, September 2026",-784034.26,EUR
TXN-F3-0004,2025-09-13,ACC-7303,Cedarville Insurance Group Group,Container yard lease — Atyrau terminal,-2400327.46,USD
TXN-9305-0041,2025-09-14,ACC-9305,Glenwood Insurance Ltd Group (Zhezkazgan compound),Printed marketing collateral run — Q1,-298462.91,USD
TXN-9790-0016,2025-09-14,ACC-9790,Foxridge Security Services Partners,"Land tax instalment — Kostanay centre, July",-2139154.16,USD
TXN-H1-0048,2025-09-14,ACC-7501,Hartley Janitorial Corp Supply (Semey base),Payroll advance recovered from staff — Aktobe hub 2024,285640335.25,USD
TXN-J2-0024,2025-09-14,ACC-7602,Eastgate Building Services Associates (Zhezkazgan compound),Marketing translation and localisation — Ekibastuz block B 2026,-28876383.62,USD
TXN-9295-0050,2025-09-15,ACC-9295,Foxridge Courier Group (Atyrau terminal),Payroll for drivers,-5427021.98,USD
TXN-9571-0025,2025-09-15,ACC-9571,Dunmore Facilities Associates,Auto fleet insurance — Shymkent depot,-23838738.97,USD
TXN-9898-0022,2025-09-15,ACC-9898,Kingsley Power Holdings Supply,Electricity overbilling refund — Uralsk annex 2024,1050245.62,USD
TXN-9903-0039,2025-09-15,ACC-9903,Ironwood Facilities Partners (Karaganda yard),District heating utility charge — Kyzylorda station,-6805872.34,USD
TXN-B3-0044,2025-09-15,ACC-7203,Glenwood Facilities Holdings Works,Auto fleet insurance — Shymkent depot,-29435503.07,USD
TXN-B5-0053,2025-09-15,ACC-7205,Ironwood Security LP (Taraz site),"Product launch ad campaign — Atyrau terminal, January 2026",-5690329.37,USD
TXN-F3-0024,2025-09-15,ACC-7303,Astyk Trans Export JSC,Grain export sales settlement 2025,9201329.02,USD
TXN-J1-0039,2025-09-15,ACC-7601,Ironwood Building Services Services Service Centre (Taraz site),"Unearned insurance premium return — Semey base, H2",20200982.10,USD
TXN-9413-0046,2025-09-16,ACC-9413,Ironwood Logistics Trust,Directors and officers insurance 2024,-482717.72,USD
TXN-9423-0034,2025-09-16,ACC-9423,Juniper Supply Trust (Atyrau terminal),Auto fleet insurance — November,-4732329.33,USD
TXN-B3-0002,2025-09-16,ACC-7203,Ironwood Cleaning LLC (Aktobe hub),Insurance deductible recovery — Semey base 2026,1331682.35,USD
TXN-G1-0039,2025-09-16,ACC-7401,Ironwood Insurance LLC (Atyrau terminal),"Vehicle tax payment — Turkistan point, H1",-447969.60,USD
TXN-J4-0019,2025-09-16,ACC-7604,Hartley Water Works Company (Almaty office),Interest on trade facility — December,-2019728.51,USD
TXN-S1-0027,2025-09-16,ACC-7001,Glenwood Supply LLC (Turkistan point),Bi-weekly payroll run — Q1,-1536628.05,USD
TXN-X1-0058,2025-09-16,ACC-7830,Ertis Milling Company LLP,Grain intake and weighbridge sales settlement Q3,4733918.07,USD
TXN-9349-0005,2025-09-17,ACC-9349,Foxridge Security Services Enterprise,Franchise tax filing — Astana branch,-279228.68,USD
TXN-9400-0044,2025-09-17,ACC-9400,Juniper Facilities Group (Atyrau terminal),"Marketing co-operative funding received — Turkistan point, Q2 2026",15991358.46,USD
TXN-H3-0033,2025-09-17,ACC-7503,Bridgeport Consulting Group (Oskemen unit),Excise tax remittance — Kostanay centre,-415544.88,USD
TXN-H3-0057,2025-09-17,ACC-7503,Eastgate Building Services Associates,"Payroll for administrative staff — Aktobe hub, Q4 2026",-715672.28,USD
TXN-J2-0007,2025-09-17,ACC-7602,Ironwood Utility Solutions LLP (Almaty office),Land tax instalment 2026,-2799891.91,USD
TXN-J6-0008,2025-09-17,ACC-7606,Ironwood Payroll (Almaty office),Customs duty and tax payment — Almaty office,-11557578.08,USD
TXN-S2-0044,2025-09-17,ACC-7002,Dunmore Catering Holdings,Political risk insurance — Taraz site,-9151816.91,USD
TXN-X1-0036,2025-09-17,ACC-7830,Hartley Utility Trust LLP,Unearned insurance premium return — H1 2024,240255.89,USD
TXN-9068-0025,2025-09-18,ACC-9068,Ashford Water Works Group (Kostanay centre),Rent for archive premises — Aktobe hub 2025,-3165894.23,USD
TXN-9371-0042,2025-09-18,ACC-9371,Glenwood Utility Associates Holding (Astana branch),Payroll accrual reversal — July 2026,371937398.28,USD
TXN-9897-0045,2025-09-18,ACC-9897,Juniper Supply Trust (Almaty office),Point-of-sale marketing materials — H2 2025,-2446981.56,USD
TXN-B3-0046,2025-09-18,ACC-7203,KazMunayGas Trading JSC,Petrochemical product sales settlement 2025,9153960.80,USD
TXN-H1-0004,2025-09-18,ACC-7501,Cedarville Printing Services JSC (Ekibastuz block B),"Water charge adjustment credit — Zhezkazgan compound, August 2026",400286.02,USD
TXN-H4-0030,2025-09-18,ACC-7504,KEGOC National Grid JSC,Generation capacity sales settlement 2025,7204918.55,USD
TXN-J1-0094,2025-09-18,ACC-7601,Ashford Power LP (Taraz site),Interest on subordinated notes — Atyrau terminal 2024,-14830812.75,USD
TXN-J4-0074,2025-09-18,ACC-7604,Altai Ore Processing LLP,Processing equipment transfer to group entity,-822266.56,USD
TXN-KC-MKT-12,2025-09-18,TELE-4471,Kingsley Power Holdings Group,Withholding tax reclaim received,240836.37,USD
TXN-B3-0008,2025-09-19,ACC-7203,Dunmore Utility Inc Group,"Utility deposit returned — Kostanay centre, period 01 2024",3577920.31,USD
TXN-F2-0001,2025-09-19,ACC-7302,Hartley Building Services Holdings (Shymkent depot),VAT instalment — Kostanay centre,-3199237.53,USD
TXN-J6-0057,2025-09-19,ACC-7606,Bridgeport Courier Solutions (Astana branch),Marketing translation and localisation — Turkistan point,-4985775.94,USD
TXN-S1-0040,2025-09-19,ACC-7001,Harborview Properties Trading House (Semey base),Municipal tax levy — Q3,-1551918.62,USD
TXN-S3-0005,2025-09-19,ACC-7003,Cedarville Office Supplies Associates (Uralsk annex),"Marketing photography and artwork — Aktobe hub, period 04 2024",-3133416.54,USD
TXN-9617-0014,2025-09-20,ACC-9617,Glenwood Telecom Corp (Atyrau terminal),Rent for spare parts store — Uralsk annex,-1818700.40,USD
TXN-B5-0052,2025-09-20,ACC-7205,Eastgate Logistics Inc (Semey base),"Rent deposit returned — Shymkent depot, final call",857453.33,USD
TXN-H1-0010,2025-09-20,ACC-7501,Ironwood Leasing Partners Ltd (Karaganda yard),Trade press marketing insertion — Almaty office 2026,-1054315.01,USD
TXN-S1-0009,2025-09-20,ACC-7001,Hartley Courier Corp Ltd,"Interest on subordinated notes — Pavlodar block, Q2",-9697252.96,USD
TXN-S2-0020,2025-09-20,ACC-7002,City Power & Light Holding,"Social tax remittance — Atyrau terminal, instalment 3",-4685887.97,USD
TXN-9417-0002,2025-09-21,ACC-9417,Crown City Water Board (Astana branch),Utility deposit returned — period 03 2024,15039751.65,USD
TXN-9572-0005,2025-09-21,ACC-9572,Hartley Catering LP (Shymkent depot),"Industry exhibition stand marketing — Karaganda yard, May 2024",-1675650.15,USD
TXN-F2-0004,2025-09-21,ACC-7302,Juniper Cleaning,Land tax instalment — Karaganda yard,-6042466.52,USD
TXN-F2-0062,2025-09-21,ACC-7302,Cedarville Uniforms Solutions Group (Astana branch),Electricity for pumping station — H2,-123891.29,USD
TXN-G2-0005,2025-09-21,ACC-7402,Summit Telecom Group (Kostanay centre),Payroll for security detail 2026,-3628975.60,USD
TXN-H3-0002,2025-09-21,ACC-7503,Ironclad Security Services (Kyzylorda station),Advance profit tax instalment — September,-301068.82,EUR
TXN-9764-0033,2025-09-22,ACC-9764,Foxridge Janitorial Group Company,"Interest on trade facility — Shymkent depot, period 03",-908027.99,USD
TXN-G1-0037,2025-09-22,ACC-7401,AgromashHolding KZ JSC,Wholesale product sales settlement 2025,8240517.36,USD
TXN-H2-0022,2025-09-22,ACC-7502,Dunmore Waste Systems LLC JSC (Karaganda yard),"Payroll for warehouse staff — Oskemen unit, Q3 2024",-12225504.18,USD
TXN-X1-0053,2025-09-22,ACC-7830,Sterling Office Solutions (Astana branch),"Land lease — Aktobe hub, Q3",-4298675.10,USD
TXN-9297-0005,2025-09-23,ACC-9297,Glenwood Realty Solutions (Aktobe hub),"Industry exhibition stand marketing — Pavlodar block, Q3",-143642.05,USD
TXN-9722-0008,2025-09-23,ACC-9722,Ironwood Leasing Partners Group,"Environmental liability insurance — Karaganda yard, Q2",-8317990.85,USD
TXN-S3-0013,2025-09-23,ACC-7003,Bridgeport Security Associates Enterprise,"Payroll for warehouse staff — Almaty office, August 2025",-2155598.82,USD
TXN-9125-0008,2025-09-24,ACC-9125,Ironwood Catering Corp,"Point-of-sale marketing materials — Pavlodar block, period 01",-772712.65,USD
TXN-9195-0001,2025-09-24,ACC-9195,Eastgate Payroll Co JSC,Payroll tranche for field crew — February 2024,-1877744.63,USD
TXN-9288-0032,2025-09-24,ACC-9288,Sterling Office Solutions (Karaganda yard),Lease deposit released,1266348.37,EUR
TXN-9647-0043,2025-09-24,ACC-9647,Hartley Consulting LLC Group,"Tax audit assessment payment — Astana branch, period 03",-14229830.11,USD
TXN-H3-0026,2025-09-24,ACC-7503,KTZ Freight JSC,Freight haulage sales settlement 2025,7806442.18,USD
TXN-J1-0013,2025-09-24,ACC-7601,Eastgate Catering Services LLP,Political risk insurance,-260567049.99,USD
TXN-KC-CON-16,2025-09-24,TELE-4471,Taraz Digital Holdings LLP,Strategy consulting retainer — network roadmap,-6132844.71,USD
TXN-X1-0072,2025-09-24,ACC-7830,Glenwood Waste Systems Trust (Semey base),Withholding tax reclaim received — H2,11503426.15,USD
TXN-9476-0011,2025-09-25,ACC-9476,Dunmore Telecom Partners (Kyzylorda station),Capitalised interest charge — Ekibastuz block B,-1175926.45,USD
TXN-9784-0042,2025-09-25,ACC-9784,Juniper Printing Inc Trading House (Turkistan point),"Water supply charge — Atyrau terminal, July",-239906622.80,USD
TXN-9868-0040,2025-09-25,ACC-9868,Bridgeport Water Works LP (Almaty office),"Interest on working capital line — Kyzylorda station, Q1 2024",-340900.81,USD
TXN-B3-0048,2025-09-25,ACC-7203,Ashford Consulting Partners (Shymkent depot),Business interruption insurance — November 2025,-107503.88,USD
TXN-G1-0015,2025-09-25,ACC-7401,Bridgeport Printing Holdings (Kyzylorda station),Payroll for administrative staff 2025,-1407808.76,USD
TXN-J4-0013,2025-09-25,ACC-7604,Bridgeport Stationery Co (Taraz site),"Interest credited on current account — Zhezkazgan compound, November",2687929.15,USD
TXN-S1-0007,2025-09-25,ACC-7001,Cedarville Catering Solutions Group (Turkistan point),Unclaimed payroll returned — Zhezkazgan compound 2026,709189.97,USD
TXN-X1-0031,2025-09-25,ACC-7830,Ashford Office Supplies LLC Holding (Oskemen unit),"Water charge adjustment credit — Pavlodar block, May",9354229.32,USD
TXN-B2-0032,2025-09-26,ACC-7202,Northwind Catering Supply (Taraz site),"Contractor payroll batch — Oskemen unit, instalment 3 2025",-1166745.48,USD
TXN-F3-0028,2025-09-26,ACC-7303,Cedarville Stationery Ltd (Kostanay centre),Water supply charge — Aktobe hub 2026,-289355.57,USD
TXN-H2-0049,2025-09-26,ACC-7502,Juniper Janitorial Ltd Company,"Retail unit rent — Kyzylorda station, period 04",-10714694.01,USD
TXN-H5-0046,2025-09-26,ACC-7505,Hartley Tax Advisory Ltd (Kyzylorda station),Land tax instalment — Atyrau terminal 2026,-182614.58,USD
TXN-J1-0080,2025-09-26,ACC-7601,Turkestan Fresh Produce LLP,Advance storage contract settlement,284215.08,USD
TXN-J1-0098,2025-09-26,ACC-7601,Foxridge Water Works Inc (Almaty office),"Withholding tax reclaim received — Shymkent depot, period 02 2024",7224203.13,USD
TXN-J5-0023,2025-09-26,ACC-7605,Saryarka Concentrate Offtake LLP,Copper concentrate sales settlement 2025,9530683.89,USD
TXN-J5-0031,2025-09-26,ACC-7605,Evergreen Janitorial (Karaganda yard),"Radio ad campaign schedule — Almaty office, April",-454367.65,USD
TXN-S3-0006,2025-09-26,ACC-7003,Cedarville Catering Solutions (Taraz site),Interest on trade facility — Astana branch 2026,-2375958.22,USD
TXN-9495-0020,2025-09-27,ACC-9495,Ashford Cleaning Services (Astana branch),"Liability insurance — Aktobe hub, November 2024",-734049.85,USD
TXN-9868-0009,2025-09-27,ACC-9868,Dunmore Utility Inc Supply (Zhezkazgan compound),Vehicle livery marketing application 2025,-2514818.60,USD
TXN-B2-0026,2025-09-27,ACC-7202,Ironwood Building Services Services,Workers comp insurance — Atyrau terminal,-301206.05,USD
TXN-G1-0044,2025-09-27,ACC-7401,Foxridge Maintenance Holdings Partners,Payroll funding transfer — Semey base,-12893144.28,USD
TXN-G2-0013,2025-09-27,ACC-7402,Juniper Realty Partners (Taraz site),Rent free period credit,8530980.75,USD
TXN-H3-0043,2025-09-27,ACC-7503,Ashford Building Services Ltd (Shymkent depot),Marketing photography and artwork — period 01,-4390301.84,USD
TXN-J1-0061,2025-09-27,ACC-7601,Hartley Landscaping Ltd Supply,Franchise tax filing — Turkistan point,-1470285.63,USD
TXN-S1-0020,2025-09-27,ACC-7001,Cedarville Courier Holdings (Shymkent depot),"Office rent — Kyzylorda station, June",-6037659.30,USD
TXN-9073-0037,2025-09-28,ACC-9073,Bridgeport Tax Advisory Services (Zhezkazgan compound),Container yard lease — Taraz site,-941721.43,USD
TXN-9346-0033,2025-09-28,ACC-9346,Foxridge Cleaning Co,Tax overpayment refunded — November 2024,2764140.14,USD
TXN-9475-0046,2025-09-28,ACC-9475,Cedarville Tax Advisory Partners Trading House (Kyzylorda station),Marketing volume rebate — H2 2024,41648585.59,USD
TXN-B5-0009,2025-09-28,ACC-7205,Eastgate Maintenance Solutions (Karaganda yard),Political risk insurance,-12052294.63,USD
TXN-F3-0003,2025-09-28,ACC-7303,Eastgate Janitorial Partners Company (Kostanay centre),Electricity for pumping station — Q3 2026,-896633.13,USD
TXN-G1-0034,2025-09-28,ACC-7401,Bridgeport Payroll Group (Ekibastuz block B),Broadband telecom invoice — Almaty office,-12121441.93,USD
TXN-H4-0054,2025-09-28,ACC-7504,Glenwood Landscaping Co (Uralsk annex),Auto fleet insurance 2025,-5004847.15,USD
TXN-J5-0034,2025-09-28,ACC-7605,Cedarville Tax Advisory Partners Enterprise (Karaganda yard),Auto fleet insurance — Astana branch,-1802703.99,USD
TXN-J5-0039,2025-09-28,ACC-7605,Ashford Leasing Inc,Rent deposit returned — Oskemen unit 2024,520867.53,USD
TXN-S3-0057,2025-09-28,ACC-7003,Ironwood Realty Services (Turkistan point),Payroll for drivers — February,-2938550.18,USD
TXN-9035-0046,2025-09-29,ACC-9035,Juniper Supply Trust Supply,"Auto fleet insurance — Aktobe hub, instalment 3 2025",-1368787.71,USD
TXN-9212-0039,2025-09-29,ACC-9212,Juniper Landscaping LLC (Almaty office),Construction all-risk insurance — Q3 2026,-2266254.53,USD
TXN-9979-0026,2025-09-29,ACC-9979,Crown City Water Board (Kostanay centre),"Broadband telecom invoice — Kyzylorda station, Q1",-199804.61,USD
TXN-9998-0002,2025-09-29,ACC-9998,Hartley Logistics Associates Partners,Waste water charge — period 02,-19133940.98,USD
TXN-B2-0019,2025-09-29,ACC-7202,Juniper Cleaning (Aktobe hub),"Property tax payment — Astana branch, Q2",-6827919.87,USD
TXN-B3-0025,2025-09-29,ACC-7203,Hartley Water Works (Aktobe hub),Sublet rent received — instalment 3,11858184.21,USD
TXN-9130-0041,2025-09-30,ACC-9130,Glenwood Courier LP (Ekibastuz block B),Payroll for security detail — instalment 3 2025,-24698981.31,USD
TXN-9671-0032,2025-09-30,ACC-9671,Bridgeport Telecom Holdings (Zhezkazgan compound),Parking garage lease — Zhezkazgan compound,-153325.01,USD
TXN-F1-0032,2025-09-30,ACC-7301,Kazphosphate Trading JSC,Chemical product sales settlement 2025,7870278.72,USD
TXN-F3-0044,2025-09-30,ACC-7303,Ashford Janitorial Trust Trading House (Turkistan point),"Product launch ad campaign — Kyzylorda station, January",-719473.24,USD
TXN-H1-0041,2025-09-30,ACC-7501,Nur-Sultan Municipal Services JSC,Municipal tariff sales settlement 2025,9512880.44,USD
TXN-H5-0061,2025-09-30,ACC-7505,Magnum Cash & Carry JSC,Confectionery sales settlement 2025,6903551.24,USD
TXN-J2-0010,2025-09-30,ACC-7602,Ashford Uniforms Associates Supply,Business interruption insurance — Turkistan point,-25783729.44,USD
TXN-J2-0043,2025-09-30,ACC-7602,Irtysh Petroleum Trading JSC,Petrochemical product sales settlement 2025,11391318.07,USD
TXN-J5-0016,2025-09-30,ACC-7605,Hartley Cleaning Inc,Rent for archive premises — Shymkent depot,-242591.30,USD
TXN-S1-0029,2025-09-30,ACC-7001,KTZ Freight Services JSC,Freight haulage sales settlement Q3,,USD
TXN-S2-0005,2025-09-30,ACC-7002,Eastgate Building Services Associates Trading House,Rent for archive premises — Kyzylorda station 2024,-388136.63,USD
TXN-X3-0091,2025-09-30,ACC-7832,Astana Grid Connection Works LLP,Purchase of switchyard connection equipment,-2905118.72,USD
TXN-9338-0009,2025-10-01,ACC-9338,Glenwood Cleaning Ltd (Taraz site),Media buy rate adjustment credit — June,542531.04,EUR
TXN-G2-0049,2025-10-01,ACC-7402,Glenwood Maintenance Services LLP,Interest on overdraft sweep — Q2 2024,-737955.13,USD
TXN-J4-0009,2025-10-01,ACC-7604,Ironwood Tax Advisory Inc (Turkistan point),Depot yard rent 2024,-1733587.85,USD
TXN-S1-0012,2025-10-01,ACC-7001,Bridgeport Utility Co (Kyzylorda station),Rent overpayment refunded 2025,6457145.15,USD
TXN-X3-0073,2025-10-01,ACC-7832,Eastgate Courier Partners (Atyrau terminal),"Container yard lease — Atyrau terminal, November",-4555250.22,USD
TXN-F3-0006,2025-10-02,ACC-7303,Hartley Supply Works,Hourly staff payroll — Atyrau terminal 2026,-15651643.87,USD
TXN-H3-0054,2025-10-02,ACC-7503,Eastgate Maintenance Solutions Ltd (Aktobe hub),"Unclaimed payroll returned — Ekibastuz block B, December",1906164.47,USD
TXN-KC-CON-02,2025-10-02,TELE-4471,Ashford Water Works Group JSC (Turkistan point),Group insurance experience refund — September,2424573.20,USD
TXN-S2-0003,2025-10-02,ACC-7002,Glenwood Security Partners (Turkistan point),"Interest true-up charge — Oskemen unit, Q4",-7728193.75,USD
TXN-F2-0054,2025-10-03,ACC-7302,Hartley Consulting LLC (Almaty office),"Tax assessment reversal — Aktobe hub, May 2025",2617695.32,USD
TXN-G3-0021,2025-10-03,ACC-7403,Bridgeport Power Corp (Semey base),Electricity overbilling refund — Q1,1880618.92,USD
TXN-H1-0018,2025-10-03,ACC-7501,Hartley Catering LP Supply,Excise tax payment — Q2 2026,-1327719.39,USD
TXN-J5-0024,2025-10-03,ACC-7605,Glenwood Insurance Ltd Service Centre,"Marine cargo insurance premium — Taraz site, March",-29309983.34,USD
TXN-KC-CAP-16,2025-10-03,TELE-4471,Steppe Fibre Contractors,Fibre backbone machinery installation,-162670254.82,USD
TXN-S1-0044,2025-10-03,ACC-7001,Eastgate Water Works Ltd,"Auto fleet insurance — Taraz site, April",-4492826.35,USD
TXN-S1-0047,2025-10-03,ACC-7001,Cedarville Insurance Group (Atyrau terminal),Interest income on term deposit,546017.91,USD
TXN-9849-0020,2025-10-04,ACC-9849,Juniper Insurance Company,Waste water charge — period 02 2024,-1114772.75,USD
TXN-F2-0052,2025-10-04,ACC-7302,Dunmore Stationery Inc Supply (Oskemen unit),Political risk insurance — September 2024,-157749.56,USD
TXN-H1-0031,2025-10-04,ACC-7501,Evergreen Janitorial (Kyzylorda station),"Fidelity bond insurance — Pavlodar block, March 2024",-2824665.55,USD
TXN-J5-0054,2025-10-04,ACC-7605,Ironwood Catering Corp (Shymkent depot),Parking garage lease — Almaty office,-986437.39,USD
TXN-S3-0050,2025-10-04,ACC-7003,Eastgate Building Services Associates Supply (Turkistan point),Land lease — August,-5507208.96,USD
TXN-X2-0072,2025-10-04,ACC-7831,Glenwood Property Trust Service Centre (Zhezkazgan compound),Business interruption insurance — Zhezkazgan compound 2026,-338225639.96,USD
TXN-B5-0027,2025-10-05,ACC-7205,Bridgeport Waste Systems Ltd (Oskemen unit),Insurance claim reimbursement — January,170685.76,USD
TXN-S1-0045,2025-10-05,ACC-7001,Foxridge Cleaning Co (Taraz site),"Municipal tax levy — Aktobe hub, period 03 2024",-12981608.79,USD
TXN-S3-0045,2025-10-05,ACC-7003,Ironwood Stationery Solutions Trading House,"Ground lease instalment — Astana branch, instalment 2",-331575.47,USD
TXN-9554-0021,2025-10-06,ACC-9554,Bridgeport Leasing LLC (Almaty office),Payroll for administrative staff — Atyrau terminal 2024,-8781607.54,USD
TXN-9781-0008,2025-10-06,ACC-9781,Bridgeport Building Services Inc Partners,Media buy rate adjustment credit — December,1454443.54,USD
TXN-9813-0044,2025-10-06,ACC-9813,Hartley Realty Holdings Partners,"Payroll for laboratory staff — Zhezkazgan compound, July",-15579209.75,USD
TXN-9899-0046,2025-10-06,ACC-9899,Foxridge Property Associates (Kyzylorda station),Municipal water charge — Zhezkazgan compound 2025,-18459898.12,USD
TXN-B3-0009,2025-10-06,ACC-7203,Eastgate Stationery LLC (Almaty office),"Overdraft interest — Semey base, period 01 2024",-5565401.38,USD
TXN-F2-0033,2025-10-06,ACC-7302,Glenwood Realty Solutions Holding,"Electricity for site lighting — Ekibastuz block B, January",-318398.33,USD
TXN-J5-0018,2025-10-06,ACC-7605,Eastgate Power Inc,"Insurance claim reimbursement — Taraz site, H1 2025",6325692.63,USD
TXN-KC-FIN-34,2025-10-06,TELE-4471,Acme Office Supplies,"Auto fleet insurance — Ekibastuz block B, March 2024",-1689361.44,USD
TXN-9284-0001,2025-10-07,ACC-9284,Metro Waste Management (Zhezkazgan compound),Customs duty and tax payment — Shymkent depot 2024,-22450066.75,USD
TXN-9487-0043,2025-10-07,ACC-9487,Dunmore Landscaping Group (Turkistan point),"Water and sewer charge — Ekibastuz block B, July",-460789.95,USD
TXN-9751-0007,2025-10-07,ACC-9751,Ashford Logistics LP (Shymkent depot),"Interest true-up charge — Aktobe hub, Q1 2024",-200337.86,USD
TXN-9916-0041,2025-10-07,ACC-9916,Bridgeport Cleaning Partners Trading House,"Sponsorship marketing of regional sports club — Zhezkazgan compound, April",-1642275.66,USD
TXN-9988-0040,2025-10-07,ACC-9988,Capital Stationers,Parking garage lease — August 2026,-7183493.95,USD
TXN-G3-0015,2025-10-07,ACC-7403,Ashford Stationery Corp Holding (Zhezkazgan compound),"Telecom leased line — Kyzylorda station, period 03",-4209788.78,USD
TXN-S1-0048,2025-10-07,ACC-7001,Hartley Payroll LLC,"Tax assessment reversal — Karaganda yard, Q4",341733.11,USD
TXN-X2-0037,2025-10-07,ACC-7831,Bridgeport Logistics Corp,Overdraft interest — Uralsk annex,-2241815.51,USD
TXN-9031-0023,2025-10-08,ACC-9031,Ashford Leasing Inc Ltd (Turkistan point),Cold store lease — June 2025,-317473868.06,USD
TXN-9202-0026,2025-10-08,ACC-9202,Ashford Catering Associates (Astana branch),Rooftop lease — Taraz site 2024,-1058432.96,USD
TXN-9890-0035,2025-10-08,ACC-9890,Cedarville Utility Ltd,"Rent for staff dormitory — Oskemen unit, October",-1125913.61,USD
TXN-G2-0012,2025-10-08,ACC-7402,Eastgate Waste Systems Group (Kostanay centre),Fidelity bond insurance — Ekibastuz block B,-3456298.31,USD
TXN-G3-0033,2025-10-08,ACC-7403,Ashford Catering Associates,"Interest rebate on early repayment — Atyrau terminal, January",11633796.37,USD
TXN-H4-0042,2025-10-08,ACC-7504,Eastgate Water Works Ltd (Uralsk annex),Withholding tax reclaim received — H2,177123.08,USD
TXN-H5-0004,2025-10-08,ACC-7505,Cedarville Cleaning Group (Zhezkazgan compound),Severance payroll batch — Kyzylorda station,-91480101.93,USD
TXN-J1-0012,2025-10-08,ACC-7601,Alpen Kaeltetechnik GmbH,Refrigeration machinery instalment,-403067.98,EUR
TXN-S2-0001,2025-10-08,ACC-7002,Glenwood Leasing Holdings,Land tax instalment — August,-4055114.80,USD
TXN-X2-0063,2025-10-08,ACC-7831,Turan Packaging Industries LLP,Film and packaging sales settlement second half,13417908.26,USD
TXN-9654-0023,2025-10-09,ACC-9654,Ironwood Telecom Ltd (Turkistan point),Payroll advance recovered from staff — Almaty office 2026,1297327.47,USD
TXN-9692-0025,2025-10-09,ACC-9692,Foxridge Uniforms Partners Enterprise (Taraz site),"Interest on overdraft sweep — Zhezkazgan compound, period 04 2024",-8243889.04,USD
TXN-F3-0046,2025-10-09,ACC-7303,Cedarville Water Works Corp,Payroll for drivers — Shymkent depot,-2389984.14,USD
TXN-H4-0027,2025-10-09,ACC-7504,Hartley Facilities Services,Outdoor marketing site hire — Aktobe hub,-661138.35,USD
TXN-J1-0033,2025-10-09,ACC-7601,Glenwood Realty Solutions Enterprise,Interest true-up charge — Zhezkazgan compound,-193153.56,USD
TXN-S1-0053,2025-10-09,ACC-7001,Ashford Property Co (Oskemen unit),"Plant and boiler insurance premium — Karaganda yard, instalment 3",-316225.33,USD
TXN-9364-0014,2025-10-10,ACC-9364,Juniper Landscaping LLC Ltd,Political risk insurance 2024,-9496538.01,USD
TXN-9963-0047,2025-10-10,ACC-9963,Dunmore Insurance LP (Astana branch),Warehouse lease — September,-276715.29,USD
TXN-B2-0042,2025-10-10,ACC-7202,Aktau Sea Port JSC,Industrial output sales settlement 2025,9712774.92,USD
TXN-H2-0023,2025-10-10,ACC-7502,Dunmore Facilities Associates Works,"Printed marketing collateral run — Semey base, January",-6638749.71,USD
TXN-J3-0034,2025-10-10,ACC-7603,Kazakh Property Insurers JSC,Property insurance premium 2025,-151581.27,USD
TXN-KC-REV-33,2025-10-10,TELE-4471,Ashford Payroll Partners (Taraz site),Marketing photography and artwork — Q4 2025,-228777.28,USD
TXN-9026-0004,2025-10-11,ACC-9026,Cedarville Waste Systems Inc (Turkistan point),Electricity overbilling refund,458315.46,USD
TXN-9238-0044,2025-10-11,ACC-9238,Eastgate Supply Ltd,Payroll clearing account sweep back — Q4,579593.27,USD
TXN-9490-0015,2025-10-11,ACC-9490,Glenwood Power (Almaty office),Hourly staff payroll — Aktobe hub,-1257638.83,USD
TXN-9534-0014,2025-10-11,ACC-9534,Kingsley Payroll Trust,Hourly staff payroll — August 2024,-14702436.64,USD
TXN-9831-0003,2025-10-11,ACC-9831,Ashford Waste Systems Co (Kyzylorda station),"Sublet rent received — Semey base, June",5444196.15,USD
TXN-F1-0033,2025-10-11,ACC-7301,Glenwood Printing Corp,"Printed marketing collateral run — Turkistan point, January 2025",-8071343.13,USD
TXN-F2-0024,2025-10-11,ACC-7302,Pioneer Payroll Bureau Group,"Franchise tax filing — Kostanay centre, Q3",-141643.63,EUR
TXN-G1-0028,2025-10-11,ACC-7401,Dunmore Consulting Corp (Turkistan point),Insurance broker rebate — H1 2025,1632504.71,USD
TXN-J2-0025,2025-10-11,ACC-7602,Bridgeport Landscaping Services (Oskemen unit),"Lease deposit released — Oskemen unit, January",294817.83,USD
TXN-J5-0047,2025-10-11,ACC-7605,Cedarville Tax Advisory Partners Enterprise (Karaganda yard),Warehouse contents insurance 2024,-1066716.18,EUR
TXN-J6-0045,2025-10-11,ACC-7606,Ashford Building Services Ltd Works,Political risk insurance — Zhezkazgan compound,-172654.99,USD
TXN-X2-0036,2025-10-11,ACC-7831,Kingsley Property Partners Trading House,Rent for spare parts store — Pavlodar block 2024,-6424343.59,USD
TXN-9268-0032,2025-10-12,ACC-9268,Hartley Supply Service Centre (Atyrau terminal),"Rent for archive premises — Shymkent depot, H1",-9800332.88,USD
TXN-9885-0039,2025-10-12,ACC-9885,Foxridge Water Works Inc,"Fidelity bond insurance — Kostanay centre, instalment 2 2025",-14535562.44,USD
TXN-G2-0018,2025-10-12,ACC-7402,Ashford Telecom Solutions,Rent for staff dormitory,-34118774.36,USD
TXN-H2-0026,2025-10-12,ACC-7502,Bridgeport Building Services Inc Enterprise,"Liability insurance — Aktobe hub, October",-1842182.82,USD
TXN-H3-0055,2025-10-12,ACC-7503,Glenwood Janitorial LP (Kostanay centre),Franchise tax filing — January,-7413037.39,USD
TXN-J5-0029,2025-10-12,ACC-7605,Eastgate Power Inc,Utility deposit returned — Karaganda yard,3517834.59,USD
TXN-J5-0044,2025-10-12,ACC-7605,Ashford Cleaning Services (Aktobe hub),"Auto fleet insurance — Ekibastuz block B, March 2024",-16730083.21,USD
TXN-J6-0051,2025-10-12,ACC-7606,Bridgeport Office Supplies (Taraz site),"Fidelity bond insurance — Karaganda yard, Q1",-9306558.13,USD
TXN-9176-0039,2025-10-13,ACC-9176,Ironwood Consulting (Taraz site),"Property insurance premium — Kostanay centre, August",-26559848.60,USD
TXN-9235-0024,2025-10-13,ACC-9235,Eastgate Courier Partners Enterprise,"Sponsorship marketing of regional sports club — Atyrau terminal, period 04",-298444.50,USD
TXN-H3-0028,2025-10-13,ACC-7503,Dunmore Facilities Associates (Semey base),Marketing photography and artwork — Karaganda yard 2025,-299139.87,USD
TXN-X3-0087,2025-10-13,ACC-7832,Evergreen Janitorial (Almaty office),Motor third-party insurance 2026,-393560.95,EUR
TXN-9699-0046,2025-10-14,ACC-9699,Glenwood Maintenance Services,Plant and boiler insurance premium — February,-4257044.38,USD
TXN-S1-0028,2025-10-14,ACC-7001,Juniper Utility Holdings Trading House,"Vehicle tax payment — Uralsk annex, February",-962460.70,USD
TXN-X1-0042,2025-10-14,ACC-7830,Turgai Elevator Assets LLP,Technical advisory on elevator throughput planning,-966318.27,USD
TXN-J2-0020,2025-10-15,ACC-7602,Juniper Logistics Solutions (Astana branch),"Property insurance premium — Kostanay centre, March",-6099715.65,USD
TXN-J4-0014,2025-10-15,ACC-7604,Foxridge Consulting Ltd (Astana branch),Interest on export credit line — Pavlodar block,-2152274.55,USD
TXN-J4-0073,2025-10-15,ACC-7604,Oskemen Plant Services LLP,Smelter servicing and furnace maintenance H2,-3417033.17,USD
TXN-S3-0048,2025-10-15,ACC-7003,Astyk Trans Export JSC,Grain export sales settlement 2025,9839962.97,USD
TXN-9255-0022,2025-10-16,ACC-9255,Hartley Printing Co Supply (Almaty office),"VAT refund received — Aktobe hub, September",4481896.29,USD
TXN-9598-0020,2025-10-16,ACC-9598,Dunmore Janitorial Services,Interest on working capital line — Shymkent depot,-6415445.59,USD
TXN-G3-0028,2025-10-16,ACC-7403,Eastgate Security Holdings LLP,"Utility rebate received — Uralsk annex, Q4 2026",2784418.36,USD
TXN-G3-0035,2025-10-16,ACC-7403,Ironwood Security LP (Turkistan point),"Retail unit rent — Kyzylorda station, period 04",-2779140.03,USD
TXN-H4-0002,2025-10-16,ACC-7504,Bridgeport Power Corp Trading House,Professional indemnity insurance — June,-26473730.53,USD
TXN-J1-0037,2025-10-16,ACC-7601,Ironwood Waste Systems Holdings (Turkistan point),"Water charge adjustment credit — Semey base, H1",256320.52,USD
TXN-J1-0090,2025-10-16,ACC-7601,Kingsley Property Partners,VAT instalment — Aktobe hub 2026,-2302049.17,EUR
TXN-J4-0079,2025-10-16,ACC-7604,Bridgeport Janitorial Solutions (Uralsk annex),Utility rebate received — February,6114798.38,USD
TXN-X3-0051,2025-10-16,ACC-7832,Dunmore Waste Systems LLC (Atyrau terminal),Sublet rent received 2026,5169312.49,USD
TXN-9136-0030,2025-10-17,ACC-9136,Foxridge Waste Systems Associates Ltd,Payroll accrual funding — Q2,-255374530.72,EUR
TXN-9289-0041,2025-10-17,ACC-9289,Ironwood Maintenance Group JSC (Kyzylorda station),Radio ad campaign schedule,-7100454.24,USD
TXN-B3-0034,2025-10-17,ACC-7203,Trident Power Cooperative JSC (Karaganda yard),"Interest rebate on early repayment — Turkistan point, period 04 2025",11068872.49,USD
TXN-G2-0029,2025-10-17,ACC-7402,Ashford Tax Advisory Holdings Trading House (Ekibastuz block B),"Depot yard rent — Atyrau terminal, October 2025",-7239860.42,USD
TXN-H1-0012,2025-10-17,ACC-7501,Eastgate Facilities Trust (Turkistan point),Political risk insurance 2024,-1338210.76,USD
TXN-S3-0002,2025-10-17,ACC-7003,Ashford Stationery Corp Group,Lease incentive received — Zhezkazgan compound,1988616.21,USD
TXN-9166-0034,2025-10-18,ACC-9166,Ironwood Supply Associates (Oskemen unit),"Unused ad campaign budget returned — Taraz site, period 04 2025",3146534.53,USD
TXN-9951-0023,2025-10-18,ACC-9951,Foxridge Water Works Inc (Ekibastuz block B),"Payroll overfunding returned — Kyzylorda station, instalment 1",1365344.59,USD
TXN-G3-0014,2025-10-18,ACC-7403,Ironwood Maintenance Group,"Rent free period credit — Almaty office, December",6436185.51,USD
TXN-H4-0020,2025-10-18,ACC-7504,Hartley Insurance Inc (Turkistan point),Bi-weekly payroll run — Semey base 2024,-1973159.14,USD
TXN-X2-0067,2025-10-18,ACC-7831,Hartley Waste Systems Solutions (Kostanay centre),"Insurance deductible recovery — Almaty office, period 03",9709132.86,USD
TXN-9534-0007,2025-10-19,ACC-9534,Eastgate Maintenance Solutions Trading House,Interest credited on current account — February,2872862.02,USD
TXN-9829-0038,2025-10-19,ACC-9829,Cedarville Insurance Group,"Water charge adjustment credit — Pavlodar block, May",215640.05,USD
TXN-F3-0033,2025-10-19,ACC-7303,Eastgate Water Works Ltd (Oskemen unit),Withholding tax remittance — period 04 2025,-5944169.96,USD
TXN-G2-0032,2025-10-19,ACC-7402,Bridgeport Water Works LP (Taraz site),Quarterly estimated tax — Taraz site 2026,-32318382.68,USD
TXN-H2-0013,2025-10-19,ACC-7502,Bridgeport Maintenance,Interest on senior notes — Zhezkazgan compound 2025,-8227038.79,USD
TXN-H4-0004,2025-10-19,ACC-7504,Kingsley Payroll Trust (Uralsk annex),Directors and officers insurance — Zhezkazgan compound,-1957501.16,USD
TXN-9594-0019,2025-10-20,ACC-9594,Eastgate Landscaping LP (Kyzylorda station),"Water supply charge — Shymkent depot, August",-3252690.39,USD
TXN-9794-0039,2025-10-20,ACC-9794,Foxridge Landscaping Corp (Oskemen unit),"Travel insurance for staff — Atyrau terminal, July",-1109830.92,USD
TXN-S3-0036,2025-10-20,ACC-7003,Sentinel Insurance Group JSC,"Environmental emissions tax — Oskemen unit, period 01",-395316.29,EUR
TXN-B5-0032,2025-10-21,ACC-7205,Foxridge Payroll Ltd (Semey base),"Payroll for night shift — Semey base, April 2025",-386871.44,EUR
TXN-F1-0037,2025-10-21,ACC-7301,Ashford Printing Solutions,Industry exhibition stand marketing — instalment 3,-27552658.07,USD
TXN-F2-0042,2025-10-21,ACC-7302,Foxridge Maintenance Holdings Supply,Interest on overdraft sweep — Q2 2024,-3055613.18,USD
TXN-J1-0077,2025-10-21,ACC-7601,Eastgate Water Works Ltd (Almaty office),Radio ad campaign schedule — Q2,-1017525.08,USD
TXN-X3-0077,2025-10-21,ACC-7832,Pavlodar Industrial Offtake LLP,Capacity and offtake sales settlement second half,14332918.45,USD
TXN-9545-0047,2025-10-22,ACC-9545,Hartley Logistics Associates (Almaty office),"Excise tax credit received — Taraz site, October 2025",2865416.55,USD
TXN-9692-0027,2025-10-22,ACC-9692,Juniper Property Services (Aktobe hub),"Insurance deductible recovery — Ekibastuz block B, Q3",12489230.79,USD
TXN-B3-0054,2025-10-22,ACC-7203,Dunmore Office Supplies Trust (Aktobe hub),Telecom services — Atyrau terminal,-4545166.01,USD
TXN-F3-0052,2025-10-22,ACC-7303,Bridgeport Janitorial Solutions,Capitalised interest charge — Semey base,-391949.44,USD
TXN-H4-0036,2025-10-22,ACC-7504,Cedarville Supply Corp Holding (Shymkent depot),"Construction all-risk insurance — Almaty office, May 2024",-394092.73,USD
TXN-KC-OPX-10,2025-10-22,TELE-4471,Highland Microwave Contractors,Storm damage repair — microwave link restoration,-8942187.33,USD
TXN-9005-0035,2025-10-23,ACC-9005,Hartley Security Group Ltd,"Rent for spare parts store — Shymkent depot, Q1",-2240802.05,USD
TXN-9119-0039,2025-10-23,ACC-9119,Eastgate Janitorial Partners (Taraz site),VAT refund received — final call,1015890.31,USD
TXN-9549-0049,2025-10-23,ACC-9549,Hartley Logistics Associates (Taraz site),"Sublet rent received — Semey base, June",154945.54,USD
TXN-9807-0030,2025-10-23,ACC-9807,Glenwood Office Supplies Services,"Printed marketing collateral run — Astana branch, December",-165608440.66,USD
TXN-9860-0038,2025-10-23,ACC-9860,Eastgate Uniforms Services (Astana branch),Rent overpayment refunded — Kostanay centre,797989.94,USD
TXN-J6-0041,2025-10-23,ACC-7606,Juniper Building Services Partners (Taraz site),Telecom service credit received — June,2370622.02,USD
TXN-X2-0014,2025-10-23,ACC-7831,Dunmore Building Services,Marketing agency creative fees — May,-913932.53,USD
TXN-9543-0017,2025-10-24,ACC-9543,Bridgeport Courier Solutions Supply (Pavlodar block),Lease incentive received — Aktobe hub,2215752.38,USD
TXN-9593-0043,2025-10-24,ACC-9593,Ashford Uniforms Associates,Electricity overbilling refund — Pavlodar block 2026,10313277.63,USD
TXN-9724-0007,2025-10-24,ACC-9724,Dunmore Telecom Partners Supply,"Rent free period credit — Karaganda yard, Q1",10676492.97,USD
TXN-9744-0043,2025-10-24,ACC-9744,Hartley Supply (Astana branch),"Interest recovery on overpayment — Uralsk annex, June 2025",427240.86,USD
TXN-H5-0040,2025-10-24,ACC-7505,Juniper Property Services,"Payroll clearing account sweep back — Uralsk annex, period 01",1449172.24,USD
TXN-J3-0024,2025-10-24,ACC-7603,Eastgate Janitorial Partners (Uralsk annex),Interest on bridge facility — Astana branch,-2014014.01,USD
TXN-J4-0085,2025-10-24,ACC-7604,Ashford Printing Solutions (Karaganda yard),Payroll funding transfer — Q1,-22575183.76,USD
TXN-S2-0019,2025-10-24,ACC-7002,Initech Software Licenses Company,Interest recovery on overpayment — Karaganda yard,2227580.83,USD
TXN-X1-0006,2025-10-24,ACC-7830,Cedarville Uniforms Solutions Enterprise (Zhezkazgan compound),"Telecom leased line — Almaty office, August 2024",-442327.98,USD
TXN-9440-0025,2025-10-25,ACC-9440,Foxridge Stationery,Payroll clearing account sweep back 2025,190177.59,USD
TXN-H2-0011,2025-10-25,ACC-7502,Hartley Water Works Holding (Uralsk annex),Cyber insurance premium — Ekibastuz block B,-230541.09,USD
TXN-KC-FIN-17,2025-10-25,TELE-4471,Ashford Courier Trust (Aktobe hub),"Payroll for night shift — Shymkent depot, period 02 2025",-138465.40,USD
TXN-9425-0029,2025-10-26,ACC-9425,City Power & Light (Astana branch),"Unused ad campaign budget returned — Karaganda yard, period 03",216660.31,USD
TXN-G3-0010,2025-10-26,ACC-7403,Foxridge Printing LP,Corporate brand marketing programme — September 2024,-3276347.10,USD
TXN-H4-0009,2025-10-26,ACC-7504,Ironwood Building Services Services (Turkistan point),Interest on export credit line — Atyrau terminal 2025,-5515371.37,USD
TXN-S2-0031,2025-10-26,ACC-7002,Foxridge Waste Systems Associates (Oskemen unit),"Corporate income tax instalment — Aktobe hub, Q2",-521838.64,USD
TXN-X2-0013,2025-10-26,ACC-7831,Bridgeport Utility Co,"Payroll accrual reversal — Uralsk annex, March",875772.57,USD
TXN-X3-0078,2025-10-26,ACC-7832,Bridgeport Facilities LLC Company,Seasonal payroll run — Zhezkazgan compound,-270804.45,USD
TXN-9404-0040,2025-10-27,ACC-9404,Dunmore Stationery Inc (Kyzylorda station),Interest on finance sublease — instalment 1,-296076.43,USD
TXN-9500-0043,2025-10-27,ACC-9500,Stalwart Mutual Insurance,Digital media buy — display — Zhezkazgan compound,-2548603.73,USD
TXN-J2-0009,2025-10-27,ACC-7602,Glenwood Waste Systems Trust (Kyzylorda station),Equipment yard lease — September,-16107971.75,USD
TXN-X3-0007,2025-10-27,ACC-7832,Ironwood Courier Co (Uralsk annex),Storage unit rent — Ekibastuz block B,-15570496.84,USD
TXN-9190-0028,2025-10-28,ACC-9190,Sterling Office Solutions Supply,Water charge adjustment credit — final call,9410013.68,USD
TXN-9510-0021,2025-10-28,ACC-9510,Foxridge Cleaning Co (Semey base),"Telecom service credit received — Atyrau terminal, period 04",611728.70,USD
TXN-9821-0030,2025-10-28,ACC-9821,Eastgate Property (Kostanay centre),Capitalised interest charge — Shymkent depot,-2286662.92,USD
TXN-9824-0011,2025-10-28,ACC-9824,Ashford Landscaping Holdings (Astana branch),"Digital media buy — display — Atyrau terminal, February",-2201481.98,USD
TXN-9937-0022,2025-10-28,ACC-9937,Acme Office Supplies (Ekibastuz block B),Marketing research panel subscription — Turkistan point,-11649246.88,USD
TXN-F1-0053,2025-10-28,ACC-7301,Ironwood Stationery Solutions Partners (Taraz site),Payroll clearing account sweep back — Q2 2024,511177.47,USD
TXN-H4-0033,2025-10-28,ACC-7504,Juniper Office Supplies LP (Turkistan point),"Digital media buy — search — Uralsk annex, July 2025",-830598.81,USD
TXN-H5-0032,2025-10-28,ACC-7505,Ashford Uniforms Associates Works,Interest on bridge facility — Astana branch,-9038406.79,USD
TXN-H5-0052,2025-10-28,ACC-7505,Cedarville Power Co (Shymkent depot),VAT instalment — Astana branch 2024,-2115150.32,USD
TXN-X1-0066,2025-10-28,ACC-7830,Juniper Catering Co,"Credit facility interest — Aktobe hub, instalment 2",-2633714.50,USD
TXN-X1-0069,2025-10-28,ACC-7830,Ashford Water Works Group LLP (Oskemen unit),"Water supply charge — Shymkent depot, period 03",-944218.53,USD
TXN-B5-0048,2025-10-29,ACC-7205,Ironwood Property Holdings Service Centre,Rent free period credit — Almaty office 2025,4121934.01,USD
TXN-G1-0031,2025-10-29,ACC-7401,Dunmore Security Solutions,"Revolver interest — Zhezkazgan compound, instalment 2 2025",-2919906.33,EUR
TXN-G2-0045,2025-10-29,ACC-7402,Bridgeport Building Services Inc Holding,Payroll for warehouse staff — period 02,-252608.50,USD
TXN-H3-0034,2025-10-29,ACC-7503,Eastgate Office Supplies Solutions Partners,"Marketing co-operative funding received — Semey base, instalment 1 2025",468990.68,USD
TXN-J1-0086,2025-10-29,ACC-7601,Juniper Property Services (Semey base),"Interest credited on current account — Karaganda yard, period 02",570334.29,USD
TXN-9060-0030,2025-10-30,ACC-9060,Bridgeport Building Services Inc (Kyzylorda station),Media buy rate adjustment credit — December,6304635.09,USD
TXN-9314-0001,2025-10-30,ACC-9314,Glenwood Office Supplies Services Company (Oskemen unit),Excise tax payment — instalment 1 2024,-737784.51,USD
TXN-9841-0008,2025-10-30,ACC-9841,Hartley Consulting LLC (Karaganda yard),"Rent for regional office — Taraz site, October",-633737.56,USD
TXN-H2-0055,2025-10-30,ACC-7502,Glenwood Uniforms Group (Almaty office),"Electricity bill — Turkistan point, instalment 3",-910849.08,USD
TXN-J5-0002,2025-10-30,ACC-7605,Nordwerk Aufbereitungstechnik GmbH,Concentrator machinery instalment,-668678.14,EUR
TXN-9224-0036,2025-10-31,ACC-9224,Glenwood Power (Pavlodar block),"Sublet rent received — Ekibastuz block B, May 2024",4955476.08,USD
TXN-9239-0046,2025-10-31,ACC-9239,Bridgeport Realty Inc (Kyzylorda station),Unclaimed payroll returned — September 2026,541494.08,USD
TXN-9324-0027,2025-10-31,ACC-9324,Kingsley Building Services Group (Zhezkazgan compound),"Telecom service credit received — Aktobe hub, Q1",448579.04,USD
TXN-9707-0045,2025-10-31,ACC-9707,Ashford Logistics LP Company,Unclaimed payroll returned — Uralsk annex 2024,885472.57,USD
TXN-9903-0018,2025-10-31,ACC-9903,Ashford Insurance Services,"Property insurance premium — Kyzylorda station, February",-674978.31,USD
TXN-9906-0041,2025-10-31,ACC-9906,Cedarville Janitorial Holdings Trading House,"Marketing photography and artwork — Ekibastuz block B, H1",-286627851.97,USD
TXN-F1-0019,2025-10-31,ACC-7301,Hartley Catering LP (Karaganda yard),"Equipment yard lease — Uralsk annex, January 2025",-309746.94,USD
TXN-F2-0059,2025-10-31,ACC-7302,Magnum Cash & Carry JSC,Retail merchandise sales settlement 2025,7119343.69,USD
TXN-G2-0027,2025-10-31,ACC-7402,Dunmore Stationery Inc Works,Payroll agency rebate 2024,281734.05,USD
TXN-J6-0032,2025-10-31,ACC-7606,Bridgeport Tax Advisory Services JSC (Kyzylorda station),"Marketing translation and localisation — Astana branch, Q4 2025",-11011359.52,USD
TXN-KC-OPX-26,2025-10-31,TELE-4471,Blue Ridge Payroll Services,Telecom service credit received — Almaty office,1153302.55,EUR
TXN-B5-0036,2025-11-01,ACC-7205,Glenwood Property Trust (Karaganda yard),"Electricity bill — Turkistan point, instalment 3",-2778420.53,USD
TXN-H3-0044,2025-11-01,ACC-7503,Sterling Office Solutions (Oskemen unit),Water supply charge,-1090819.69,USD
TXN-KC-CON-08,2025-11-01,TELE-4471,Eastgate Supply Ltd Company,"Franchise tax filing — Semey base, period 04",-540003.19,USD
TXN-S1-0042,2025-11-01,ACC-7001,Ironwood Building Services Services Enterprise (Atyrau terminal),Electricity for pumping station — Almaty office 2026,-1740185.19,USD
TXN-9320-0005,2025-11-02,ACC-9320,Bridgeport Utility Co (Almaty office),"Environmental liability insurance — Shymkent depot, instalment 1",-2219951.96,USD
TXN-9973-0011,2025-11-02,ACC-9973,Glenwood Tax Advisory Co Partners,Severance payroll batch,-12513661.34,USD
TXN-G1-0010,2025-11-02,ACC-7401,Cedarville Landscaping Partners Partners (Oskemen unit),Depot yard rent — Uralsk annex 2026,-325827.74,USD
TXN-J5-0015,2025-11-02,ACC-7605,Kingsley Insurance Associates (Aktobe hub),"Interest on subordinated notes — Zhezkazgan compound, period 03",-2496260.31,USD
TXN-J5-0020,2025-11-02,ACC-7605,Foxridge Supply Inc Works,Insurance premium refund — Turkistan point,3069832.43,USD
TXN-S2-0015,2025-11-02,ACC-7002,Hartley Stationery Trust (Shymkent depot),Water charge adjustment credit — Q4 2025,565325.37,USD
TXN-S2-0018,2025-11-02,ACC-7002,Juniper Janitorial Ltd (Almaty office),Payroll tranche for field crew — period 03 2026,-6698403.52,USD
TXN-S3-0043,2025-11-02,ACC-7003,Sterling Office Solutions Trading House (Semey base),"Payroll for drivers — Astana branch, instalment 3",-5090877.80,USD
TXN-9291-0037,2025-11-03,ACC-9291,Cedarville Payroll LP (Karaganda yard),Rent for regional office — June 2026,-314139880.82,USD
TXN-9469-0033,2025-11-03,ACC-9469,Ironwood Utility Solutions Enterprise (Zhezkazgan compound),Marketing agency credit note — Aktobe hub,16659874.71,USD
TXN-9774-0025,2025-11-03,ACC-9774,Kingsley Property Partners Trading House (Turkistan point),"Office rent — Oskemen unit, June 2026",-6004416.55,USD
TXN-9937-0036,2025-11-03,ACC-9937,Glenwood Uniforms Group (Pavlodar block),Radio ad campaign schedule — Uralsk annex 2025,-122631.54,USD
TXN-F3-0029,2025-11-03,ACC-7303,City Power & Light,Environmental emissions tax — Oskemen unit 2026,-11801644.24,USD
TXN-G1-0054,2025-11-03,ACC-7401,Hartley Waste Systems Solutions,Standby generator electricity — Kyzylorda station 2026,-333053.87,USD
TXN-J2-0001,2025-11-04,ACC-7602,Ironwood Tax Advisory Inc (Aktobe hub),Municipal water charge 2025,-148130.82,USD
TXN-J3-0055,2025-11-04,ACC-7603,Bridgeport Power Corp Works,Point-of-sale marketing materials — Uralsk annex,-1277424.85,USD
TXN-9249-0008,2025-11-05,ACC-9249,Eastgate Security Holdings Works,"Property insurance premium — Astana branch, final call",-9934086.51,USD
TXN-9414-0010,2025-11-05,ACC-9414,Bridgeport Cleaning Partners (Almaty office),Monthly payroll disbursement — Karaganda yard,-10199579.52,USD
TXN-G3-0030,2025-11-05,ACC-7403,Ironwood Realty Services Holding,Rent for staff dormitory — Almaty office,-710607.62,USD
TXN-J3-0053,2025-11-05,ACC-7603,Eastgate Office Supplies Solutions (Almaty office),"Withholding tax reclaim received — Kostanay centre, July",842551.12,USD
TXN-J5-0012,2025-11-05,ACC-7605,Cedarville Cleaning Group,Rent overpayment refunded — Aktobe hub,105617538.10,USD
TXN-S3-0020,2025-11-05,ACC-7003,Hartley Insurance Inc,"Antenna mast lease — Ekibastuz block B, October 2025",-257107.84,USD
TXN-X1-0024,2025-11-05,ACC-7830,Eastgate Landscaping LP Ltd,"Tax assessment reversal — Uralsk annex, May 2024",4319716.88,USD
TXN-X2-0086,2025-11-05,ACC-7831,Ilek Trading House LLP,Brand marketing campaign for polymer films,-604277.85,USD
TXN-9725-0006,2025-11-06,ACC-9725,Bridgeport Waste Systems Ltd (Turkistan point),Electricity metering correction credit — Semey base,2186234.45,USD
TXN-H1-0055,2025-11-06,ACC-7501,Ironwood Waste Systems Holdings Group,Use tax payment — April 2026,-1154843.67,USD
TXN-H3-0014,2025-11-06,ACC-7503,Glenwood Tax Advisory Co Company (Kostanay centre),Tax audit assessment payment — Semey base 2025,-1436155.93,USD
TXN-KC-REV-02,2025-11-06,TELE-4471,Crown City Water Board JSC,"District heating utility charge — Uralsk annex, March",-1449699.49,USD
TXN-S3-0049,2025-11-06,ACC-7003,Glenwood Power Service Centre,"Regional marketing campaign production — Kyzylorda station, July",-11684668.80,USD
TXN-9152-0005,2025-11-07,ACC-9152,Hartley Uniforms LP (Shymkent depot),"Telecom services — Kyzylorda station, July 2025",-492696.67,USD
TXN-9544-0027,2025-11-07,ACC-9544,Bridgeport Landscaping Services Partners,"Electricity for pumping station — Aktobe hub, Q3",-1898700.38,USD
TXN-B2-0007,2025-11-07,ACC-7202,Juniper Stationery Holdings,Severance payroll batch — Turkistan point 2026,-3057049.59,USD
TXN-B5-0043,2025-11-07,ACC-7205,Ironwood Leasing Partners (Turkistan point),Sublet rent received — Taraz site,5083064.89,USD
TXN-H5-0026,2025-11-07,ACC-7505,Eastgate Supply Ltd (Ekibastuz block B),Payroll accrual reversal — Zhezkazgan compound 2025,3560948.35,USD
TXN-J1-0001,2025-11-07,ACC-7601,Bridgeport Landscaping Services Works,Water supply charge — instalment 3,-286081640.90,USD
TXN-X2-0075,2025-11-07,ACC-7831,Hartley Realty Holdings (Taraz site),Water charge adjustment credit — Astana branch 2024,397633.99,USD
TXN-9345-0035,2025-11-08,ACC-9345,Cedarville Insurance Group (Almaty office),"Unused ad campaign budget returned — Taraz site, period 04 2025",109461.33,USD
TXN-H3-0031,2025-11-08,ACC-7503,Ashford Realty Ltd (Semey base),Payroll accrual funding — final call 2025,-730258.14,USD
TXN-H5-0036,2025-11-08,ACC-7505,Glenwood Stationery Associates (Semey base),Environmental emissions tax — Atyrau terminal 2024,-484270.35,USD
TXN-X2-0002,2025-11-08,ACC-7831,Glenwood Catering Group Enterprise,Excise tax remittance — June,-659181.66,USD
TXN-G2-0028,2025-11-09,ACC-7402,Ashford Payroll Partners,Rent for archive premises — Q1 2024,-2201217.49,USD
TXN-H4-0034,2025-11-09,ACC-7504,Foxridge Payroll Ltd Trading House,Monthly payroll disbursement — Turkistan point,-258406.60,USD
TXN-J1-0054,2025-11-09,ACC-7601,Hartley Supply,Interest true-up charge — November 2026,-21589070.49,USD
TXN-B3-0050,2025-11-10,ACC-7203,Ashford Consulting Partners Enterprise (Semey base),Antenna mast lease — period 04 2025,-11300119.88,USD
TXN-H2-0051,2025-11-10,ACC-7502,Glenwood Courier LP Enterprise,Rent for spare parts store — January,-1828678.67,USD
TXN-H5-0041,2025-11-10,ACC-7505,Glenwood Property Trust (Semey base),Quarterly estimated tax — Taraz site 2026,-17728459.54,USD
TXN-J2-0045,2025-11-10,ACC-7602,Cedarville Telecom Services (Ekibastuz block B),Payroll accrual reversal — February,13308662.83,USD
TXN-KC-MKT-30,2025-11-10,TELE-4471,Crown City Water Board JSC,"Standby generator electricity — Kyzylorda station, February",-937277.11,USD
TXN-X2-0022,2025-11-10,ACC-7831,Foxridge Property Associates (Semey base),"Water charge adjustment credit — Kostanay centre, February",38948299.33,USD
TXN-9637-0028,2025-11-11,ACC-9637,Foxridge Consulting Ltd (Ekibastuz block B),"Property tax rebate — Turkistan point, October",4479285.04,USD
TXN-B5-0039,2025-11-11,ACC-7205,Globex Telecom (Kostanay centre),"Property insurance premium — Almaty office, July",-16769623.58,EUR
TXN-F2-0055,2025-11-11,ACC-7302,Hartley Water Works (Kostanay centre),"District heating utility charge — Atyrau terminal, February",-12526801.96,USD
TXN-G1-0040,2025-11-11,ACC-7401,Foxridge Stationery (Semey base),Marketing overbilling refund — Aktobe hub,456703.51,USD
TXN-G2-0051,2025-11-11,ACC-7402,Foxridge Courier Group,Lease deposit released — H2,369186.55,USD
TXN-G2-0055,2025-11-11,ACC-7402,Hartley Payroll LLC (Ekibastuz block B),"Interest income on term deposit — Oskemen unit, final call",263357.66,USD
TXN-H3-0003,2025-11-11,ACC-7503,Bridgeport Janitorial Solutions (Kostanay centre),Digital media buy — display — Taraz site 2026,-12749118.22,USD
TXN-H4-0003,2025-11-11,ACC-7504,Ashford Consulting Partners Company,"Radio ad campaign schedule — Aktobe hub, Q1 2026",-2744634.53,USD
TXN-J3-0050,2025-11-11,ACC-7603,Foxridge Insurance Co,"VAT instalment — Turkistan point, September",-6845223.22,USD
TXN-J4-0008,2025-11-11,ACC-7604,Cedarville Utility Ltd Partners,Marketing research panel subscription — instalment 1,-975149.96,USD
TXN-9014-0033,2025-11-12,ACC-9014,Kingsley Office Supplies Corp Enterprise,"Container yard lease — Atyrau terminal, Q1",-1909447.36,USD
TXN-9801-0038,2025-11-12,ACC-9801,Cedarville Security Trust,"Electricity metering correction credit — Zhezkazgan compound, April",6225018.74,USD
TXN-H5-0025,2025-11-12,ACC-7505,Glenwood Landscaping Co (Taraz site),Payroll for security detail — Astana branch,-268913.31,USD
TXN-H5-0051,2025-11-12,ACC-7505,Semey Regional Grid LLP,Electricity supply charges for the factory 2025,-523447.81,USD
TXN-J4-0051,2025-11-12,ACC-7604,Kazakh Metals Trading JSC,Refined metals export sales settlement Q4,585037.63,USD
TXN-9098-0043,2025-11-13,ACC-9098,Ashford Landscaping Holdings LLP,Payroll for laboratory staff — Almaty office 2024,-557399.41,USD
TXN-9121-0038,2025-11-13,ACC-9121,City Power & Light (Uralsk annex),Electricity for site lighting 2025,-1684555.97,USD
TXN-9829-0011,2025-11-13,ACC-9829,Glenwood Utility Associates (Oskemen unit),Depot yard rent — final call,-26219441.19,USD
TXN-H4-0011,2025-11-13,ACC-7504,Glenwood Catering Group (Oskemen unit),Utility deposit returned — Karaganda yard 2024,3476399.81,USD
TXN-9198-0027,2025-11-14,ACC-9198,Hartley Waste Systems Solutions Enterprise,Payroll advance recovered from staff — Almaty office 2026,3458864.21,USD
TXN-9770-0037,2025-11-14,ACC-9770,Evergreen Janitorial Supply (Zhezkazgan compound),Professional indemnity insurance 2024,-3660959.51,USD
TXN-G2-0023,2025-11-14,ACC-7402,Ashford Facilities Inc Supply,Interest income on term deposit — Karaganda yard 2025,202808.30,USD
TXN-H4-0051,2025-11-14,ACC-7504,Ashford Water Works Group (Kyzylorda station),Seasonal payroll run — Zhezkazgan compound,-230009454.86,USD
TXN-J2-0006,2025-11-14,ACC-7602,Hartley Logistics Associates (Shymkent depot),Payroll overfunding returned — Kyzylorda station,1553309.35,USD
TXN-J3-0012,2025-11-14,ACC-7603,Foxridge Insurance Co (Uralsk annex),Executive payroll run — September,-14396817.29,USD
TXN-KC-MKT-37,2025-11-14,TELE-4471,Hartley Cleaning Inc (Oskemen unit),"Tax penalty settlement charge — Semey base, August",-218730.67,USD
TXN-9423-0032,2025-11-15,ACC-9423,Cedarville Landscaping Partners (Kyzylorda station),Lease incentive received — Shymkent depot,343202.52,USD
TXN-H2-0047,2025-11-15,ACC-7502,Initech Software Licenses LLP,"Payroll clearing account sweep back — Almaty office, February",350381.01,USD
TXN-X1-0050,2025-11-15,ACC-7830,Dunmore Property LLC Holding,Rooftop lease — Q4,-4582917.31,USD
TXN-9123-0023,2025-11-16,ACC-9123,Bridgeport Cleaning Partners (Pavlodar block),Interest on subordinated notes 2024,-264457.09,USD
TXN-9870-0041,2025-11-16,ACC-9870,Hartley Leasing Services (Semey base),"Water supply charge — Taraz site, final call",-4525859.57,USD
TXN-H4-0049,2025-11-16,ACC-7504,Ironwood Janitorial Co Supply,"Product launch ad campaign — Kostanay centre, final call",-150449648.23,USD
TXN-H5-0028,2025-11-16,ACC-7505,Eastgate Building Services Associates (Oskemen unit),Interest income on treasury bills — Semey base,2781960.60,USD
TXN-KC-OPX-36,2025-11-16,TELE-4471,Glenwood Telecom Corp,"Marine cargo insurance premium — Turkistan point, H2 2024",-12861619.14,USD
TXN-S3-0008,2025-11-16,ACC-7003,Ironwood Building Services Services LLP,"Warehouse contents insurance — Taraz site, period 02",-6511752.66,USD
TXN-9394-0024,2025-11-17,ACC-9394,Ashford Logistics LP (Karaganda yard),"Excise tax remittance — Turkistan point, June",-3479338.42,USD
TXN-9782-0034,2025-11-17,ACC-9782,Ashford Consulting Partners,"Equipment yard lease — Zhezkazgan compound, June",-233669767.10,USD
TXN-9965-0014,2025-11-17,ACC-9965,Bridgeport Payroll Group,Payroll for drivers — Q1,-3763598.49,USD
TXN-B2-0045,2025-11-17,ACC-7202,Hartley Telecom Co Enterprise,"Interest income on treasury bills — Ekibastuz block B, period 04",3025957.71,USD
TXN-F3-0050,2025-11-17,ACC-7303,Juniper Uniforms Co Supply,"Sewer discharge levy — Ekibastuz block B, November 2025",-11052014.01,USD
TXN-H1-0027,2025-11-17,ACC-7501,Ironwood Logistics Trust (Semey base),District heating utility charge — Shymkent depot 2026,-312070629.48,USD
TXN-J3-0032,2025-11-17,ACC-7603,Glenwood Facilities Holdings (Oskemen unit),"Unused ad campaign budget returned — Semey base, instalment 1",16065437.38,USD
TXN-9029-0030,2025-11-18,ACC-9029,Eastgate Cleaning Corp Enterprise (Kostanay centre),Marketing photography and artwork — Kyzylorda station 2024,-14973883.53,USD
TXN-9599-0038,2025-11-18,ACC-9599,Eastgate Cleaning Corp Enterprise,"Franchise tax filing — Atyrau terminal, September",-1288999.02,USD
TXN-H2-0014,2025-11-18,ACC-7502,Aral Export Traders LLP,Advance cargo sales settlement fourth quarter,1905338.22,USD
TXN-J2-0028,2025-11-18,ACC-7602,Bridgeport Maintenance Company (Pavlodar block),Seasonal payroll run — Kostanay centre,-5964103.25,USD
TXN-J6-0028,2025-11-18,ACC-7606,Zhaik Transport Operator JSC,Pipeline tariff sales settlement Q4,3298311.19,USD
TXN-9247-0022,2025-11-19,ACC-9247,Bridgeport Cleaning Partners LLP,Payroll clearing account sweep back,1912696.57,USD
TXN-9293-0031,2025-11-19,ACC-9293,Dunmore Realty (Uralsk annex),Industry exhibition stand marketing — period 03,-1620019.71,USD
TXN-9512-0049,2025-11-19,ACC-9512,Juniper Cleaning (Turkistan point),Interest on escrow balance — April 2026,8325717.89,USD
TXN-9907-0013,2025-11-19,ACC-9907,Ironwood Facilities Partners (Taraz site),"Term loan interest — Turkistan point, Q1 2026",-657487.31,USD
TXN-G1-0041,2025-11-19,ACC-7401,Cedarville Janitorial Holdings (Taraz site),Rent for staff dormitory — Almaty office 2026,-16895454.93,USD
TXN-G3-0017,2025-11-19,ACC-7403,Ironwood Maintenance Group Trading House (Atyrau terminal),"Franchise tax filing — Aktobe hub, H1 2024",-12353713.10,USD
TXN-H2-0056,2025-11-19,ACC-7502,Eastgate Cleaning Corp,"Sewer discharge levy — Oskemen unit, Q3 2026",-15336510.06,USD
TXN-J4-0025,2025-11-19,ACC-7604,Juniper Landscaping LLC Enterprise (Semey base),Payroll overfunding returned — October 2026,413148.28,EUR
TXN-9318-0020,2025-11-20,ACC-9318,Juniper Facilities Group JSC,Payroll top-up transfer — Zhezkazgan compound,-532925.03,USD
TXN-9412-0032,2025-11-20,ACC-9412,Cedarville Water Works Corp Group (Astana branch),"Bi-weekly payroll run — Ekibastuz block B, Q1",-747236.91,USD
TXN-B5-0011,2025-11-20,ACC-7205,Sentinel Insurance Group Group,Insurance deductible recovery — July 2024,44269450.06,USD
TXN-B5-0029,2025-11-20,ACC-7205,Ashford Property Co (Taraz site),Compressed air utility charge — Aktobe hub,-783983.17,USD
TXN-J4-0078,2025-11-20,ACC-7604,Glenwood Supply LLC Works,Severance payroll batch — H1,-331539.31,USD
TXN-S2-0025,2025-11-20,ACC-7002,Foxridge Facilities Solutions (Karaganda yard),Environmental liability insurance — Q3 2026,-1759837.71,USD
TXN-S2-0037,2025-11-20,ACC-7002,Astana Infrastructure Holding JSC,Bulk cement sales — Q4 deliveries,4598755.85,USD
TXN-9303-0029,2025-11-21,ACC-9303,Cedarville Leasing (Karaganda yard),"Marketing overbilling refund — Kyzylorda station, Q3",12419233.62,USD
TXN-9968-0032,2025-11-21,ACC-9968,Cedarville Leasing Enterprise,"VAT refund received — Oskemen unit, final call",1132697.74,USD
TXN-H2-0033,2025-11-21,ACC-7502,Foxridge Security Services Ltd,"Radio ad campaign schedule — Ekibastuz block B, July",-16484595.30,USD
TXN-H3-0039,2025-11-21,ACC-7503,Ironwood Stationery Solutions (Astana branch),"Customs duty and tax payment — Atyrau terminal, September",-2051164.54,USD
TXN-J1-0006,2025-11-21,ACC-7601,Almaty Retail Distribution LLP,Cold chain distribution sales settlement Q4,2706846.23,USD
TXN-J1-0062,2025-11-21,ACC-7601,Kingsley Tax Advisory Service Centre,Electricity overbilling refund — August,424149.01,USD
TXN-J1-0076,2025-11-21,ACC-7601,Eastgate Waste Systems Group (Uralsk annex),Business interruption insurance — Semey base,-226762.78,USD
TXN-J2-0015,2025-11-21,ACC-7602,Juniper Supply Trust Holding,Group medical insurance premium — Aktobe hub 2026,-5696596.55,USD
TXN-J2-0031,2025-11-21,ACC-7602,Juniper Janitorial Ltd Company (Taraz site),Social tax remittance — Ekibastuz block B,-2323239.53,USD
TXN-S3-0007,2025-11-21,ACC-7003,Globex Telecom (Semey base),Insurance claim reimbursement 2026,30059024.70,USD
TXN-X1-0088,2025-11-21,ACC-7830,Kingsley Property Partners (Kyzylorda station),Payroll tranche for field crew — period 03 2026,-7551435.48,USD
TXN-9091-0020,2025-11-22,ACC-9091,Ironwood Security LP Service Centre,Utility deposit returned — Kyzylorda station 2025,1154704.73,USD
TXN-9111-0029,2025-11-22,ACC-9111,Kingsley Payroll Trust (Semey base),"Customs duty and tax payment — Oskemen unit, final call 2024",-5362203.76,USD
TXN-9277-0017,2025-11-22,ACC-9277,Ironclad Security Services,Marketing photography and artwork — Zhezkazgan compound,-683159.65,USD
TXN-9535-0018,2025-11-22,ACC-9535,Vanguard Payroll Co Works,Water supply charge — period 02 2025,-119800.85,USD
TXN-9550-0030,2025-11-23,ACC-9550,Hartley Building Services Holdings,Waste water charge — Aktobe hub,-12303235.13,USD
TXN-9620-0039,2025-11-23,ACC-9620,Hartley Utility Trust Partners (Shymkent depot),Payroll clearing account sweep back — Kyzylorda station,9815028.09,USD
TXN-B5-0016,2025-11-23,ACC-7205,Eastgate Catering Services Service Centre,Hourly staff payroll — August,-1567883.86,USD
TXN-G2-0031,2025-11-23,ACC-7402,Kingsley Water Works Solutions (Shymkent depot),Telecom mobile fleet plan — period 02 2025,-139139136.45,USD
TXN-J2-0036,2025-11-23,ACC-7602,Hartley Power Associates (Aktobe hub),"Payroll accrual funding — Astana branch, period 03 2025",-244431.98,USD
TXN-J4-0061,2025-11-23,ACC-7604,Cedarville Catering Solutions (Semey base),Interest income on term deposit 2026,4471067.22,USD
TXN-9198-0028,2025-11-24,ACC-9198,Eastgate Landscaping LP (Zhezkazgan compound),Bi-weekly payroll run — Astana branch,-540611.35,USD
TXN-9667-0008,2025-11-24,ACC-9667,Kingsley Building Services Group (Kostanay centre),"Insurance claim reimbursement — Zhezkazgan compound, December 2026",41326886.75,EUR
TXN-B5-0015,2025-11-24,ACC-7205,Juniper Water Works Trust (Astana branch),Marketing translation and localisation — Oskemen unit,-2134857.09,USD
TXN-F2-0007,2025-11-24,ACC-7302,Astana Outdoor Media LLP,Fourth-quarter marketing campaign,-194944.53,USD
TXN-H5-0044,2025-11-24,ACC-7505,Dunmore Janitorial Services Service Centre,Quarterly interest coupon — H2 2024,-166056796.46,USD
TXN-S3-0025,2025-11-24,ACC-7003,Fairfield Leasing Partners,"Telecom leased line — Almaty office, period 01 2024",-4653049.85,USD
TXN-9042-0025,2025-11-25,ACC-9042,Bridgeport Catering Trust Company,"Antenna mast lease — Semey base, July",-246584.32,USD
TXN-9147-0025,2025-11-25,ACC-9147,Cascade Water Utility,"Construction all-risk insurance — Oskemen unit, Q4 2026",-1891941.80,USD
TXN-9665-0022,2025-11-25,ACC-9665,Cedarville Water Works Corp Ltd,Printed marketing collateral run — Pavlodar block,-10140641.27,USD
TXN-9738-0036,2025-11-25,ACC-9738,Riverside Realty Trust (Semey base),Interest on working capital line — Q2,-17000700.30,USD
TXN-B3-0035,2025-11-25,ACC-7203,Cedarville Tax Advisory Partners (Aktobe hub),Professional indemnity insurance,-6515617.14,USD
TXN-H4-0046,2025-11-25,ACC-7504,Ashford Property Co (Almaty office),Withholding tax reclaim received — Almaty office,141133.27,USD
TXN-J1-0053,2025-11-25,ACC-7601,Ashford Water Works Group (Almaty office),Sewer discharge levy 2024,-12843202.78,USD
TXN-J5-0040,2025-11-25,ACC-7605,Dunmore Water Works Co (Oskemen unit),Interest recovery on overpayment — Oskemen unit 2025,139323.98,USD
TXN-B2-0006,2025-11-26,ACC-7202,Ironwood Consulting Trading House,Political risk insurance — December,-4515968.72,USD
TXN-F1-0023,2025-11-26,ACC-7301,Foxridge Building Services Trust (Taraz site),Hourly staff payroll — September 2025,-10669942.44,USD
TXN-G1-0035,2025-11-26,ACC-7401,Eastgate Security Holdings (Astana branch),"Utility deposit returned — Turkistan point, December",6754519.83,USD
TXN-J3-0059,2025-11-26,ACC-7603,Cascade Water Utility Works (Pavlodar block),Customer newsletter marketing production — Turkistan point,-193026.31,USD
TXN-J4-0076,2025-11-26,ACC-7604,Ashford Realty Ltd Partners (Kyzylorda station),Fidelity bond insurance — Astana branch,-1023156.12,USD
TXN-J5-0022,2025-11-26,ACC-7605,Glenwood Leasing Holdings Trading House,Construction all-risk insurance — Uralsk annex 2026,-3895264.49,USD
TXN-X2-0026,2025-11-26,ACC-7831,Granger Utilities Holding,Insurance broker rebate — Shymkent depot,272072163.90,USD
TXN-9142-0015,2025-11-27,ACC-9142,Eastgate Power Inc Enterprise,Marketing translation and localisation — Kostanay centre 2025,-29656186.35,USD
TXN-9420-0025,2025-11-27,ACC-9420,Kingsley Power Holdings (Taraz site),"Industry exhibition stand marketing — Karaganda yard, May 2024",-244429.31,USD
TXN-9663-0037,2025-11-27,ACC-9663,Ashford Tax Advisory Holdings Supply (Kostanay centre),"Credit facility interest — Atyrau terminal, February 2026",-14289443.09,USD
TXN-9770-0019,2025-11-27,ACC-9770,Foxridge Maintenance Holdings (Oskemen unit),Ground lease instalment — instalment 1,-12653097.91,USD
TXN-9851-0004,2025-11-27,ACC-9851,Glenwood Landscaping Co (Turkistan point),"Payroll accrual reversal — Pavlodar block, H2 2026",8134710.31,USD
TXN-9912-0023,2025-11-27,ACC-9912,Foxridge Stationery (Ekibastuz block B),Vehicle livery marketing application — Zhezkazgan compound,-2473744.86,USD
TXN-F2-0016,2025-11-27,ACC-7302,Ironwood Leasing Partners Trading House,Directors and officers insurance — H2,-3219259.47,USD
TXN-J2-0002,2025-11-27,ACC-7602,Bridgeport Stationery Co (Kyzylorda station),Seasonal payroll run — Zhezkazgan compound,-2285650.59,USD
TXN-S3-0035,2025-11-27,ACC-7003,Ashford Consulting Partners (Uralsk annex),"Professional indemnity insurance — Shymkent depot, H2",-282226.92,USD
TXN-X1-0022,2025-11-27,ACC-7830,Turan Export Terminal LLP,Export terminal transhipment sales settlement Q4,3237455.82,USD
TXN-X1-0033,2025-11-27,ACC-7830,Eastgate Waste Systems Works,"Interest on overdraft sweep — Kyzylorda station, June",-892684.52,USD
TXN-X3-0009,2025-11-27,ACC-7832,Bridgeport Waste Systems Ltd (Zhezkazgan compound),Electricity for site lighting,-182517.86,USD
TXN-9010-0037,2025-11-28,ACC-9010,Hartley Logistics Associates JSC (Kostanay centre),Electricity bill — Q3 2024,-1044711.37,USD
TXN-9081-0010,2025-11-28,ACC-9081,Bridgeport Utility Co Holding,Warehouse lease — September,-1698304.37,USD
TXN-9083-0033,2025-11-28,ACC-9083,Bridgeport Water Works LP Partners,Insurance broker rebate — Semey base,128017.94,USD
TXN-9174-0034,2025-11-28,ACC-9174,Ironwood Maintenance Group Trading House,"Revolver interest — Astana branch, period 04",-8725114.54,USD
TXN-9660-0010,2025-11-28,ACC-9660,Hartley Leasing Services,Rent overpayment refunded — Karaganda yard,4624635.31,USD
TXN-9834-0027,2025-11-28,ACC-9834,Bridgeport Landscaping Services Ltd,Radio ad campaign schedule 2026,-15081099.29,USD
TXN-F1-0029,2025-11-28,ACC-7301,Glenwood Stationery Associates (Almaty office),"Political risk insurance — Kyzylorda station, Q1",-100517875.42,USD
TXN-J5-0006,2025-11-28,ACC-7605,Halcyon Facilities Group (Taraz site),Interest rebate on early repayment 2025,20732117.48,USD
TXN-S3-0032,2025-11-28,ACC-7003,Kingsley Power Holdings (Karaganda yard),"Unearned insurance premium return — Pavlodar block, Q3",1302511.02,USD
TXN-9778-0016,2025-11-29,ACC-9778,Ashford Power LP (Shymkent depot),"Directors and officers insurance — Almaty office, instalment 3",-1191453.62,USD
TXN-H2-0028,2025-11-29,ACC-7502,Stalwart Mutual Insurance Works (Almaty office),Water and sewer charge 2024,-1829039.83,USD
TXN-9123-0047,2025-11-30,ACC-9123,Northwind Catering Ltd,"Compressed air utility charge — Shymkent depot, July 2025",-9671428.50,USD
TXN-9299-0028,2025-11-30,ACC-9299,Juniper Water Works Trust (Shymkent depot),Sewer discharge levy — Shymkent depot,-18551532.04,USD
TXN-9569-0014,2025-11-30,ACC-9569,Foxridge Logistics LLC (Oskemen unit),Payroll tranche for field crew — H2,-17178218.96,USD
TXN-9721-0012,2025-11-30,ACC-9721,Dunmore Building Services (Atyrau terminal),Interest true-up charge — Uralsk annex 2024,-536280.29,USD
TXN-G1-0021,2025-11-30,ACC-7401,Cedarville Power Co Group (Kyzylorda station),Water charge adjustment credit — Oskemen unit 2025,342217.10,USD
TXN-J5-0005,2025-11-30,ACC-7605,Eastgate Property Partners,Insurance deductible recovery — Ekibastuz block B 2024,203917450.07,USD
TXN-J6-0012,2025-11-30,ACC-7606,Juniper Landscaping LLC,Marketing overbilling refund — Aktobe hub,11133727.62,USD
TXN-KC-REV-01,2025-11-30,TELE-4471,Interconnect Clearing House,Wholesale interconnect revenue Q4 2025,145768375.99,USD
TXN-9208-0044,2025-12-01,ACC-9208,Juniper Power Solutions (Kyzylorda station),"Office rent — Almaty office, Q2",-8847669.10,USD
TXN-9764-0024,2025-12-01,ACC-9764,Ironwood Supply Associates (Turkistan point),Digital media buy — search — Pavlodar block,-24084264.53,USD
TXN-B3-0028,2025-12-01,ACC-7203,Bridgeport Janitorial Solutions (Pavlodar block),Auto fleet insurance — November,-6553500.24,USD
TXN-F1-0042,2025-12-01,ACC-7301,Juniper Utility Holdings Company (Turkistan point),Insurance claim reimbursement — January,184238160.08,USD
TXN-F1-0060,2025-12-01,ACC-7301,Cedarville Supply Corp JSC,Digital media buy — search — Karaganda yard,-27429738.41,USD
TXN-F2-0021,2025-12-01,ACC-7302,Bridgeport Consulting Group,Auto fleet insurance 2025,-241344949.21,USD
TXN-G2-0039,2025-12-01,ACC-7402,Eastgate Stationery LLC JSC (Astana branch),"Interest on subordinated notes — Shymkent depot, Q3 2026",-113193.29,USD
TXN-J5-0021,2025-12-01,ACC-7605,Eastgate Courier Partners Group (Almaty office),Withholding tax reclaim received — Oskemen unit,3688757.83,USD
TXN-S1-0035,2025-12-01,ACC-7001,Eastgate Office Supplies Solutions Company,"Payroll accrual reversal — Astana branch, instalment 3",26098826.75,USD
TXN-X2-0027,2025-12-01,ACC-7831,Eastgate Payroll Co (Astana branch),"Payroll tranche for field crew — Astana branch, period 03",-493155.49,USD
TXN-9150-0023,2025-12-02,ACC-9150,Ironwood Landscaping Inc Partners,Withholding tax reclaim received — January 2024,4490705.22,USD
TXN-9791-0047,2025-12-02,ACC-9791,Foxridge Uniforms Partners Partners (Turkistan point),"Corporate income tax instalment — Oskemen unit, period 02 2025",-27078139.93,USD
TXN-B5-0006,2025-12-02,ACC-7205,Bridgeport Waste Systems Ltd (Oskemen unit),"Insurance broker rebate — Ekibastuz block B, November 2025",2050254.52,EUR
TXN-H4-0041,2025-12-02,ACC-7504,Eastgate Cleaning Corp (Atyrau terminal),"Marketing overbilling refund — Turkistan point, period 01",1173505.72,EUR
TXN-J2-0030,2025-12-02,ACC-7602,Kingsley Utility Services Supply,Group medical insurance premium 2024,-581331.08,USD
TXN-J4-0001,2025-12-02,ACC-7604,Juniper Consulting Associates (Oskemen unit),Rent for staff dormitory — September 2026,-5752729.31,USD
TXN-X2-0001,2025-12-02,ACC-7831,Foxridge Power LLC Ltd (Kyzylorda station),Property tax rebate — Zhezkazgan compound,6736833.18,USD
TXN-9202-0014,2025-12-03,ACC-9202,Juniper Janitorial Ltd (Oskemen unit),Workers comp insurance — instalment 3,-6023436.36,USD
TXN-B5-0049,2025-12-03,ACC-7205,Dunmore Security Solutions Partners (Almaty office),Unclaimed payroll returned 2026,222364.09,USD
TXN-9107-0035,2025-12-04,ACC-9107,Bridgeport Uniforms Trust Service Centre,"Sponsorship marketing of regional sports club — Atyrau terminal, period 04",-2296185.87,USD
TXN-9503-0020,2025-12-04,ACC-9503,Glenwood Cleaning Ltd,Parking garage lease — Pavlodar block 2026,-2854828.41,USD
TXN-B5-0024,2025-12-04,ACC-7205,Eastgate Logistics Inc (Turkistan point),Contractor payroll batch — Ekibastuz block B,-5373604.75,USD
TXN-H2-0009,2025-12-04,ACC-7502,Kingsley Office Supplies Corp (Ekibastuz block B),Marketing volume rebate — Oskemen unit,1213696.20,USD
TXN-H2-0032,2025-12-04,ACC-7502,Hartley Janitorial Corp,"Rent deposit returned — Pavlodar block, final call",660372.90,USD
TXN-H4-0019,2025-12-04,ACC-7504,Cedarville Cleaning Group (Pavlodar block),"Interest true-up charge — Uralsk annex, March 2025",-1156252.59,USD
TXN-J4-0075,2025-12-04,ACC-7604,Donau Metallhandel GmbH,European smelter offtake sales settlement Q4,2903650.09,EUR
TXN-J5-0045,2025-12-04,ACC-7605,Cedarville Tax Advisory Partners Enterprise (Karaganda yard),Digital media buy — search — Uralsk annex 2026,-289809.02,USD
TXN-S1-0046,2025-12-04,ACC-7001,Dunmore Catering Holdings (Kostanay centre),"Broadband telecom invoice — Kyzylorda station, instalment 1",-39550014.70,USD
TXN-X3-0068,2025-12-04,ACC-7832,Bridgeport Logistics Corp Group,"Land lease — Almaty office, May",-4407466.49,USD
TXN-J1-0064,2025-12-05,ACC-7601,Almaty Facility Services LLP,Cold store servicing and maintenance Q4,-1715190.94,USD
TXN-J1-0091,2025-12-05,ACC-7601,Vanguard Payroll Co (Pavlodar block),Marketing agency credit note — November 2025,5601580.95,USD
TXN-9217-0012,2025-12-06,ACC-9217,Dunmore Stationery Inc,"Interest on working capital line — Kyzylorda station, period 01",-552067.31,USD
TXN-9255-0028,2025-12-06,ACC-9255,Bridgeport Printing Holdings Supply,Marketing research panel subscription 2025,-3171233.95,USD
TXN-9930-0048,2025-12-06,ACC-9930,Ashford Janitorial Trust (Uralsk annex),Motor third-party insurance — February 2025,-122026.91,USD
TXN-9957-0005,2025-12-06,ACC-9957,Bridgeport Power Corp (Karaganda yard),Interest rebate on early repayment 2025,153261118.09,USD
TXN-F1-0045,2025-12-06,ACC-7301,Cedarville Consulting LP (Karaganda yard),"Electricity for pumping station — Aktobe hub, Q3",-7521236.31,USD
TXN-J1-0085,2025-12-06,ACC-7601,Dunmore Building Services LLP,"Tax assessment reversal — Taraz site, instalment 1",220293.92,USD
TXN-9010-0046,2025-12-07,ACC-9010,Ironwood Courier Co (Ekibastuz block B),Travel insurance for staff — Semey base 2025,-339126.66,USD
TXN-9595-0032,2025-12-07,ACC-9595,Foxridge Realty Trust (Oskemen unit),VAT instalment — Taraz site 2026,-342480.40,USD
TXN-9661-0030,2025-12-07,ACC-9661,Ironwood Waste Systems Holdings,"Rent deposit returned — Kostanay centre, instalment 2",247366.76,USD
TXN-G1-0043,2025-12-07,ACC-7401,Glenwood Maintenance Services (Atyrau terminal),Rooftop lease — Taraz site 2024,-11690090.87,USD
TXN-G2-0014,2025-12-07,ACC-7402,Kingsley Property Partners (Semey base),"Interest on working capital line — Uralsk annex, April",-1434937.02,USD
TXN-G2-0056,2025-12-07,ACC-7402,Juniper Office Supplies LP (Semey base),Insurance claim reimbursement — Q4,15478658.89,USD
TXN-H2-0005,2025-12-07,ACC-7502,Foxridge Maintenance Holdings (Semey base),Interest on senior notes 2024,-1550993.36,USD
TXN-H2-0030,2025-12-07,ACC-7502,Eastgate Maintenance Solutions,"Media buy rate adjustment credit — Kyzylorda station, October 2024",9488401.63,USD
TXN-X1-0049,2025-12-07,ACC-7830,Eastgate Supply Ltd Service Centre,Rent for regional office — January,-214480.60,USD
TXN-X2-0035,2025-12-07,ACC-7831,Bridgeport Power Corp Service Centre,Sponsorship marketing of regional sports club — Q2,-1853010.79,USD
TXN-X2-0073,2025-12-07,ACC-7831,Glenwood Landscaping Co (Zhezkazgan compound),Marketing volume rebate — July,893504.60,USD
TXN-X3-0026,2025-12-07,ACC-7832,Foxridge Building Services Trust Works,"Payroll for security detail — Kyzylorda station, period 04",-2454053.13,USD
TXN-9637-0012,2025-12-08,ACC-9637,Eastgate Water Works Ltd (Shymkent depot),Insurance claim reimbursement — Kostanay centre 2026,347847.02,USD
TXN-9696-0010,2025-12-08,ACC-9696,Hartley Property Solutions (Uralsk annex),Marketing overbilling refund — Shymkent depot,268454.25,USD
TXN-F3-0027,2025-12-08,ACC-7303,Eastgate Building Services Associates Supply,Land tax instalment — period 02 2025,-627649.06,USD
TXN-J4-0021,2025-12-08,ACC-7604,Cedarville Payroll LP Service Centre (Kyzylorda station),Credit facility interest — Zhezkazgan compound 2025,-653088.18,USD
TXN-S1-0030,2025-12-08,ACC-7001,Hartley Payroll LLC,Rent for spare parts store — Q3,-184911.83,USD
TXN-9036-0044,2025-12-09,ACC-9036,Juniper Printing Inc Supply (Turkistan point),Digital media buy — display — August,-153726.78,USD
TXN-9071-0010,2025-12-09,ACC-9071,Juniper Power Solutions (Oskemen unit),Auto fleet insurance — period 01,-3415823.59,USD
TXN-9230-0020,2025-12-09,ACC-9230,Hartley Courier Corp Company (Semey base),"Business interruption insurance — Atyrau terminal, Q4",-15887405.62,USD
TXN-9323-0002,2025-12-09,ACC-9323,Cedarville Telecom Services (Pavlodar block),Insurance broker rebate — period 01,1056439.18,USD
TXN-9352-0015,2025-12-09,ACC-9352,Ashford Water Works Group,Regional marketing campaign production — Atyrau terminal 2026,-525057.89,USD
TXN-9374-0016,2025-12-09,ACC-9374,Foxridge Building Services Trust (Kostanay centre),"Interest on senior notes — Pavlodar block, Q3",-1828900.83,USD
TXN-9518-0021,2025-12-09,ACC-9518,Foxridge Cleaning Co (Pavlodar block),VAT refund received — Ekibastuz block B,995094.64,USD
TXN-9904-0041,2025-12-09,ACC-9904,Ironwood Water Works Associates (Pavlodar block),"Warehouse contents insurance — Pavlodar block, June",-166655.05,USD
TXN-B3-0038,2025-12-09,ACC-7203,Juniper Waste Systems Services (Uralsk annex),Water and sewer charge — July 2024,-580021.58,USD
TXN-X3-0010,2025-12-09,ACC-7832,Bridgeport Stationery Co (Pavlodar block),"Utility deposit returned — Pavlodar block, January 2025",780781.99,USD
TXN-9546-0020,2025-12-10,ACC-9546,Foxridge Courier Group Holding,Marketing co-operative funding received — final call 2024,1780421.34,USD
TXN-B2-0052,2025-12-10,ACC-7202,Ashford Water Works Group Ltd,Marketing agency creative fees — January 2026,-2920995.88,USD
TXN-F3-0037,2025-12-10,ACC-7303,Eastgate Water Works Ltd (Semey base),Payroll funding transfer — Almaty office 2025,-870218.17,USD
TXN-J4-0086,2025-12-10,ACC-7604,Hartley Utility Trust,"Lease incentive received — Astana branch, instalment 3",4598736.84,USD
TXN-J6-0058,2025-12-10,ACC-7606,Bridgeport Uniforms Trust (Kostanay centre),"Payroll funding transfer — Astana branch, instalment 3",-21068573.05,USD
TXN-S3-0029,2025-12-10,ACC-7003,Ashford Stationery Corp Ltd,Marine cargo insurance premium 2024,-297354.11,USD
TXN-S3-0052,2025-12-10,ACC-7003,Bridgeport Security Associates Group,Lease deposit released — Kostanay centre,11713267.73,USD
TXN-9136-0026,2025-12-11,ACC-9136,Bridgeport Janitorial Solutions (Karaganda yard),Insurance deductible recovery — Taraz site,6503571.87,USD
TXN-9456-0035,2025-12-11,ACC-9456,Glenwood Security Partners Works,Customer newsletter marketing production — Semey base,-178412386.81,USD
TXN-9479-0025,2025-12-11,ACC-9479,Juniper Leasing Group (Ekibastuz block B),Property tax rebate — January 2025,257341.23,USD
TXN-9499-0047,2025-12-11,ACC-9499,Glenwood Telecom Corp Works,Payroll agency rebate — Uralsk annex 2026,15154791.59,USD
TXN-9791-0046,2025-12-11,ACC-9791,Ashford Tax Advisory Holdings Supply,"Motor third-party insurance — Aktobe hub, H2",-3070993.97,USD
TXN-9959-0031,2025-12-11,ACC-9959,Dunmore Janitorial Services (Taraz site),Seasonal payroll run — Zhezkazgan compound,-296014.44,USD
TXN-F1-0028,2025-12-11,ACC-7301,Juniper Tax Advisory LLC Works,"Utility deposit returned — Kyzylorda station, May 2026",174073.37,USD
TXN-9030-0036,2025-12-12,ACC-9030,Bridgeport Realty Inc (Pavlodar block),Group insurance experience refund — instalment 3 2025,248292.35,USD
TXN-9097-0023,2025-12-12,ACC-9097,Glenwood Office Supplies Services Ltd,Political risk insurance — instalment 1,-6323896.93,USD
TXN-9130-0028,2025-12-12,ACC-9130,Cedarville Supply Corp (Kostanay centre),Construction all-risk insurance — Turkistan point,-321128.68,USD
TXN-9379-0037,2025-12-12,ACC-9379,Glenwood Cleaning Ltd Holding,"Interest on finance sublease — Ekibastuz block B, Q3 2026",-5643178.43,USD
TXN-9813-0008,2025-12-12,ACC-9813,Glenwood Tax Advisory Co,Business interruption insurance — Taraz site,-12367510.64,USD
TXN-9877-0048,2025-12-12,ACC-9877,Dunmore Tax Advisory Group JSC (Karaganda yard),"Antenna mast lease — Turkistan point, instalment 2",-6363474.17,USD
TXN-9878-0049,2025-12-12,ACC-9878,Ashford Cleaning Services Partners,"Interest rebate on early repayment — Atyrau terminal, May",178390.33,USD
TXN-KC-CON-38,2025-12-12,TELE-4471,Juniper Property Services Group,Vehicle livery marketing application 2026,-25210055.54,USD
TXN-9690-0019,2025-12-13,ACC-9690,Hartley Payroll LLC (Karaganda yard),Social tax remittance — H2,-849132.94,USD
TXN-B2-0027,2025-12-13,ACC-7202,Lakeshore Insurance Brokers (Zhezkazgan compound),Interest recovery on overpayment — Karaganda yard,353287.93,USD
TXN-B5-0044,2025-12-13,ACC-7205,Eastgate Office Supplies Solutions,"Payroll funding transfer — Uralsk annex, June",-413002258.62,EUR
TXN-F1-0047,2025-12-13,ACC-7301,Foxridge Power LLC Works,"Group insurance experience refund — Atyrau terminal, H1",2312285.80,EUR
TXN-G1-0006,2025-12-13,ACC-7401,Kingsley Utility Services Enterprise,"Withholding tax remittance — Taraz site, Q2",-372641.81,USD
TXN-H1-0047,2025-12-13,ACC-7501,Ironwood Janitorial Co (Zhezkazgan compound),Customer newsletter marketing production — period 03,-19680070.42,USD
TXN-J3-0066,2025-12-13,ACC-7603,Cedarville Realty LLC (Turkistan point),"Interest on bilateral facility — Atyrau terminal, H1",-2795378.95,USD
TXN-J6-0047,2025-12-13,ACC-7606,Hartley Property Solutions Trading House,Payroll agency rebate — Astana branch 2025,165976.41,USD
TXN-S2-0042,2025-12-13,ACC-7002,Cedarville Consulting LP (Aktobe hub),VAT instalment — Kostanay centre 2025,-3164952.37,USD
TXN-9484-0038,2025-12-14,ACC-9484,Foxridge Consulting Ltd JSC (Almaty office),Revolver interest — Kyzylorda station 2025,-391152.69,USD
TXN-9565-0014,2025-12-14,ACC-9565,Eastgate Logistics Inc (Almaty office),Digital media buy — search — Astana branch,-5265272.07,USD
TXN-9853-0042,2025-12-14,ACC-9853,Initech Software Licenses (Ekibastuz block B),Water and sewer charge,-9662816.23,USD
TXN-J3-0001,2025-12-14,ACC-7603,Riverside Realty Trust,"Regional marketing campaign production — Taraz site, August",-223956555.83,USD
TXN-J4-0036,2025-12-14,ACC-7604,Sentinel Insurance Group (Kostanay centre),Insurance deductible recovery — Q2 2025,4521696.76,USD
TXN-X2-0040,2025-12-14,ACC-7831,Cedarville Telecom Services Partners,Interest on trade facility — Aktobe hub,-502212.27,USD
TXN-9356-0019,2025-12-15,ACC-9356,Foxridge Water Works Inc Enterprise,Marketing overbilling refund — instalment 2,40704511.20,USD
TXN-9816-0020,2025-12-15,ACC-9816,Foxridge Tax Advisory Corp (Astana branch),Office rent — Atyrau terminal,-1057148.45,USD
TXN-9918-0005,2025-12-15,ACC-9918,Ironwood Tax Advisory Inc Company,Corporate income tax instalment — Uralsk annex,-17321831.14,USD
TXN-B3-0040,2025-12-15,ACC-7203,Hartley Logistics Associates Holding,District heating utility charge — July 2026,-258833.44,USD
TXN-B5-0017,2025-12-15,ACC-7205,Ashford Landscaping Holdings Enterprise (Semey base),Marketing research panel subscription — Q3 2026,-148270.47,USD
TXN-J2-0042,2025-12-15,ACC-7602,Halyk Bank of Kazakhstan JSC,Term loan principal repayment 2025,-786674.80,USD
TXN-J6-0040,2025-12-15,ACC-7606,Bridgeport Tax Advisory Services Trading House (Shymkent depot),Group medical insurance premium — Pavlodar block,-11182100.23,USD
TXN-X3-0043,2025-12-15,ACC-7832,Statewide Tax Authority (Karaganda yard),"Insurance deductible recovery — Zhezkazgan compound, period 03",156842.09,USD
TXN-9528-0029,2025-12-16,ACC-9528,Glenwood Janitorial LP Works,"Property insurance premium — Astana branch, July",-324905.21,USD
TXN-H4-0050,2025-12-16,ACC-7504,Dunmore Maintenance Trust Group (Oskemen unit),Telecom services — December,-297815899.27,USD
TXN-X3-0023,2025-12-16,ACC-7832,Ashford Realty Ltd Partners (Kyzylorda station),Customs duty and tax payment — instalment 1,-517090.54,USD
TXN-9024-0028,2025-12-17,ACC-9024,Ironwood Power Trust,"Equipment yard lease — Aktobe hub, Q3",-350399.85,USD
TXN-9527-0017,2025-12-17,ACC-9527,Cedarville Catering Solutions Works (Ekibastuz block B),"Payroll advance recovered from staff — Almaty office, October",13107386.28,USD
TXN-9834-0042,2025-12-17,ACC-9834,Glenwood Insurance Ltd,"Environmental liability insurance — Atyrau terminal, December 2024",-166688.18,USD
TXN-F3-0031,2025-12-17,ACC-7303,Hartley Maintenance Partners (Atyrau terminal),"Electricity bill — Semey base, January",-1505142.96,USD
TXN-H4-0043,2025-12-17,ACC-7504,Juniper Tax Advisory LLC (Almaty office),"Cold store lease — Ekibastuz block B, December",-6706627.05,USD
TXN-S3-0051,2025-12-17,ACC-7003,Dunmore Insurance LP (Ekibastuz block B),Corporate income tax instalment — January,-3717481.94,USD
TXN-X1-0047,2025-12-17,ACC-7830,Bridgeport Courier Solutions Supply,Interest on working capital line — period 01,-12426533.99,USD
TXN-9318-0019,2025-12-18,ACC-9318,Bridgeport Power Corp (Ekibastuz block B),Quarterly estimated tax — Astana branch,-609698.04,USD
TXN-F2-0027,2025-12-18,ACC-7302,Almaty Retail Staffing LLP,Payroll settlement for store and depot staff 2025,-1908442.37,USD
TXN-J3-0022,2025-12-18,ACC-7603,Pioneer Payroll Bureau,"Interest income on term deposit — Oskemen unit, final call",1991450.17,USD
TXN-J4-0067,2025-12-18,ACC-7604,Halyk Bank of Kazakhstan JSC,Term loan principal repayment 2025,-1533903.69,USD
TXN-X1-0048,2025-12-18,ACC-7830,Ironwood Maintenance Group Holding,"Hourly staff payroll — Uralsk annex, period 01",-1184717.23,USD
TXN-X1-0063,2025-12-18,ACC-7830,Foxridge Maintenance Holdings (Atyrau terminal),"Seasonal payroll run — Pavlodar block, Q1 2024",-479111.58,USD
TXN-9155-0021,2025-12-19,ACC-9155,Eastgate Utility LLC (Kostanay centre),Electricity for site lighting — August,-3948970.64,USD
TXN-9246-0020,2025-12-19,ACC-9246,Dunmore Insurance LP Service Centre (Semey base),Marketing agency credit note — June,6929995.31,USD
TXN-B2-0030,2025-12-19,ACC-7202,Dunmore Telecom Partners (Turkistan point),Monthly payroll disbursement — period 04,-264706.14,USD
TXN-B3-0018,2025-12-19,ACC-7203,Umbrella Facilities Mgmt JSC (Aktobe hub),Cyber insurance premium,-223223.23,USD
TXN-B3-0022,2025-12-19,ACC-7203,Atyrau Staffing Partners LLP,Payroll settlement for plant and administrative staff 2025,-2143877.64,USD
TXN-F2-0060,2025-12-19,ACC-7302,City Power & Light (Atyrau terminal),Default interest charge 2024,-1407146.36,USD
TXN-J2-0052,2025-12-19,ACC-7602,Foxridge Office Supplies Holdings (Oskemen unit),Directors and officers insurance — H1,-376832.24,USD
TXN-S2-0007,2025-12-19,ACC-7002,Dunmore Facilities Associates JSC,Payroll bonus disbursement — June,-3862430.53,USD
TXN-S3-0033,2025-12-19,ACC-7003,Foxridge Payroll Ltd Company,"Industry exhibition stand marketing — Uralsk annex, December",-8538631.33,USD
TXN-S3-0046,2025-12-19,ACC-7003,Dunmore Cleaning LP,Digital media buy — display — Semey base,-1105944.39,USD
TXN-X1-0090,2025-12-19,ACC-7830,Baikonur Freight Forwarding LLP,Grain forwarding sales settlement for the season,1412673.49,USD
TXN-X3-0041,2025-12-19,ACC-7832,Ashford Utility Corp Partners,Credit facility interest — July 2024,-11988913.22,USD
TXN-9173-0016,2025-12-20,ACC-9173,Trident Power Cooperative (Taraz site),Professional indemnity insurance — Uralsk annex 2026,-701047.94,USD
TXN-9981-0028,2025-12-20,ACC-9981,Cedarville Courier Holdings (Oskemen unit),Ground lease instalment — Ekibastuz block B 2024,-223292.49,USD
TXN-B2-0004,2025-12-20,ACC-7202,Dunmore Telecom Partners (Turkistan point),Interest recovery on overpayment — Uralsk annex,447580.28,USD
TXN-H1-0034,2025-12-20,ACC-7501,Halyk Bank of Kazakhstan JSC,Term loan principal repayment 2025,-1298776.53,USD
TXN-J5-0038,2025-12-20,ACC-7605,Cedarville Power Co,"Cold store lease — Ekibastuz block B, December",-11673125.58,USD
TXN-S3-0034,2025-12-20,ACC-7003,Glenwood Catering Group Holding,Revolver interest — June,-517407.58,USD
TXN-9791-0033,2025-12-21,ACC-9791,Cedarville Janitorial Holdings Works,Interest credited on current account — period 04,3293658.41,USD
TXN-B2-0036,2025-12-21,ACC-7202,Dunmore Landscaping Group Group,Equipment yard lease — Q3,-427574.51,USD
TXN-S2-0039,2025-12-21,ACC-7002,Ironwood Uniforms Corp Service Centre (Karaganda yard),Rooftop lease — Taraz site 2024,-6057907.70,USD
TXN-9396-0015,2025-12-22,ACC-9396,Umbrella Facilities Mgmt Company,"Property insurance premium — Kostanay centre, March",-1040012.26,USD
TXN-9973-0037,2025-12-22,ACC-9973,Ironwood Supply Associates,Cold store lease — June 2025,-246832.69,USD
TXN-9996-0028,2025-12-22,ACC-9996,Hartley Water Works,"Group medical insurance premium — Kyzylorda station, February",-2434111.12,USD
TXN-B2-0054,2025-12-22,ACC-7202,Bridgeport Waste Systems Ltd Supply (Zhezkazgan compound),Interest true-up charge — Aktobe hub,-920002.84,USD
TXN-9165-0009,2025-12-23,ACC-9165,Bridgeport Catering Trust (Shymkent depot),Electricity network capacity charge — Pavlodar block,-2755817.07,USD
TXN-9170-0010,2025-12-23,ACC-9170,Bridgeport Security Associates,"Overdraft interest — Zhezkazgan compound, Q2",-1988000.30,USD
TXN-9179-0047,2025-12-23,ACC-9179,Eastgate Uniforms Services,Municipal water charge 2024,-1623130.03,USD
TXN-9811-0007,2025-12-23,ACC-9811,Kingsley Building Services Group Holding,Payroll agency rebate — March,667683.45,USD
TXN-9909-0001,2025-12-23,ACC-9909,Dunmore Telecom Partners Service Centre,"Payroll for security detail — Kyzylorda station, period 04",-4614179.43,USD
TXN-F2-0010,2025-12-23,ACC-7302,Hartley Property Solutions Enterprise,"Land tax instalment — Karaganda yard, July",-999341.14,USD
TXN-J1-0021,2025-12-23,ACC-7601,Juniper Property Services JSC (Almaty office),Tax overpayment refunded,454503.24,USD
TXN-9573-0029,2025-12-24,ACC-9573,Eastgate Security Holdings (Taraz site),Telecom services — Taraz site,-19155776.73,USD
TXN-F2-0017,2025-12-24,ACC-7302,Ashford Payroll Partners (Astana branch),Social tax remittance — Ekibastuz block B,-10787265.21,USD
TXN-F3-0015,2025-12-24,ACC-7303,Foxridge Supply Inc,"Standby generator electricity — Ekibastuz block B, period 02 2026",-607433.10,USD
TXN-H2-0040,2025-12-24,ACC-7502,Hartley Payroll LLC (Kyzylorda station),Media buy rate adjustment credit — Semey base 2024,195156.04,USD
TXN-J2-0033,2025-12-24,ACC-7602,Dunmore Office Supplies Trust (Turkistan point),Electricity network capacity charge 2026,-174235.81,USD
TXN-X1-0021,2025-12-24,ACC-7830,Cedarville Building Services LLC Holding (Aktobe hub),Excise tax payment — Almaty office,-686127.52,USD
TXN-9403-0020,2025-12-25,ACC-9403,Foxridge Facilities Solutions,Plant and boiler insurance premium — Astana branch 2024,-4390897.77,USD
TXN-F1-0038,2025-12-25,ACC-7301,Foxridge Realty Trust (Aktobe hub),"Payroll funding transfer — Almaty office, October",-4515468.65,USD
TXN-G3-0038,2025-12-25,ACC-7403,Ironwood Leasing Partners (Shymkent depot),Interest on subordinated notes,-1946227.80,USD
TXN-9016-0003,2025-12-26,ACC-9016,Foxridge Printing LP Company (Semey base),Quarterly estimated tax — January,-106150511.41,USD
TXN-9577-0043,2025-12-26,ACC-9577,Ironwood Insurance LLC (Semey base),Insurance broker rebate — Shymkent depot,14544549.97,USD
TXN-9678-0010,2025-12-26,ACC-9678,Eastgate Insurance Corp (Pavlodar block),"Interest on export credit line — Kostanay centre, April",-1353570.86,USD
TXN-H1-0014,2025-12-26,ACC-7501,Bridgeport Payroll Group (Atyrau terminal),Electricity overbilling refund — Q4,418811.22,USD
TXN-X2-0015,2025-12-26,ACC-7831,Juniper Catering Co (Ekibastuz block B),"Rent for spare parts store — Astana branch, period 02",-448442.18,USD
TXN-9482-0042,2025-12-27,ACC-9482,Juniper Maintenance LP (Uralsk annex),Property tax payment 2025,-17557740.67,USD
TXN-9748-0005,2025-12-27,ACC-9748,Ironwood Realty Services Trading House,Electricity bill — Taraz site 2026,-1331346.36,USD
TXN-B2-0051,2025-12-27,ACC-7202,Juniper Telecom Inc Trading House (Karaganda yard),Liability insurance — Turkistan point 2025,-9089696.49,USD
TXN-H2-0021,2025-12-27,ACC-7502,Bridgeport Waste Systems Ltd LLP,"Telecom mobile fleet plan — Taraz site, instalment 1 2024",-5468614.58,EUR
TXN-J1-0051,2025-12-27,ACC-7601,Vanguard Payroll Co (Taraz site),Social tax remittance — Almaty office,-3614809.46,USD
TXN-J2-0035,2025-12-27,ACC-7602,Ironclad Security Services (Astana branch),"Franchise tax filing — Oskemen unit, October 2025",-457212.27,USD
TXN-S2-0035,2025-12-27,ACC-7002,Glenwood Payroll Inc Company,"Land tax instalment — Atyrau terminal, Q2 2024",-2089606.24,USD
TXN-S3-0038,2025-12-27,ACC-7003,Summit Telecom Group (Karaganda yard),"Utility rebate received — Karaganda yard, instalment 1",6963489.34,USD
TXN-9148-0027,2025-12-28,ACC-9148,Cedarville Leasing (Zhezkazgan compound),Withholding tax reclaim received — H2,5197324.94,USD
TXN-F3-0018,2025-12-28,ACC-7303,Juniper Waste Systems Services Group (Kostanay centre),"Regional marketing campaign production — Taraz site, August",-276033.02,USD
TXN-H3-0046,2025-12-28,ACC-7503,Cedarville Uniforms Solutions,Marketing co-operative funding received — Atyrau terminal 2024,1242820.10,EUR
TXN-9255-0029,2025-12-29,ACC-9255,Eastgate Utility LLC Group,Ground lease instalment 2024,-2344484.01,USD
TXN-9578-0031,2025-12-29,ACC-9578,Kingsley Property Partners Enterprise,"Utility deposit returned — Kostanay centre, H1",788944.92,USD
TXN-9755-0036,2025-12-29,ACC-9755,Juniper Office Supplies LP (Pavlodar block),Interest credited on current account — Almaty office 2025,18303757.85,USD
TXN-F3-0030,2025-12-29,ACC-7303,Foxridge Stationery (Zhezkazgan compound),Electricity for site lighting — H1,-114206.51,USD
TXN-H1-0030,2025-12-29,ACC-7501,Bridgeport Maintenance Trading House,"Tax penalty settlement charge — Pavlodar block, instalment 2",-11535689.10,USD
TXN-J1-0038,2025-12-29,ACC-7601,Ashford Landscaping Holdings Enterprise,"Property insurance premium — Astana branch, July",-7104971.88,USD
TXN-J3-0019,2025-12-29,ACC-7603,Eastgate Printing Group (Karaganda yard),Customs duty and tax payment — Q2,-445268.71,USD
TXN-J5-0041,2025-12-29,ACC-7605,Ironwood Insurance LLC (Kostanay centre),District heating utility charge — Atyrau terminal,-1359571.61,USD
TXN-9134-0023,2025-12-30,ACC-9134,Cedarville Consulting LP,"Payroll clearing account sweep back — Almaty office, February",418569.46,USD
TXN-9784-0006,2025-12-30,ACC-9784,Glenwood Utility Associates (Semey base),Storage unit rent — May,-19795261.71,USD
TXN-B5-0030,2025-12-30,ACC-7205,City Power & Light (Aktobe hub),"Telecom leased line — Almaty office, May",-3285776.46,USD
TXN-F1-0022,2025-12-30,ACC-7301,Ironwood Printing Ltd Works (Oskemen unit),Payroll clearing account sweep back — final call,530009.85,USD
TXN-H5-0031,2025-12-30,ACC-7505,Foxridge Security Services (Aktobe hub),Tax overpayment refunded — Shymkent depot,409929.83,USD
TXN-J3-0062,2025-12-30,ACC-7603,Juniper Janitorial Ltd Partners,"Advance profit tax instalment — Aktobe hub, period 02",-11292525.17,USD
TXN-J5-0043,2025-12-30,ACC-7605,Bridgeport Janitorial Solutions (Zhezkazgan compound),"Unclaimed payroll returned — Ekibastuz block B, February",205255.73,USD
TXN-KC-CON-48,2025-12-30,TELE-4471,Juniper Property Services Group,Lease deposit released — Zhezkazgan compound,550072.66,USD
TXN-S2-0048,2025-12-30,ACC-7002,Harborview Properties (Atyrau terminal),Storage unit rent — February,-10088286.06,EUR
TXN-9499-0016,2025-12-31,ACC-9499,Ironwood Security LP (Oskemen unit),Ground lease instalment — November,-7514502.53,USD
TXN-9768-0029,2025-12-31,ACC-9768,Ashford Uniforms Associates (Uralsk annex),Electricity bill — November,-731389.80,USD
TXN-9807-0031,2025-12-31,ACC-9807,Juniper Waste Systems Services (Pavlodar block),Depot yard rent — Aktobe hub 2024,-398480.90,USD
TXN-9831-0022,2025-12-31,ACC-9831,Ashford Maintenance LLC Partners,"Interest income on treasury bills — Ekibastuz block B, period 04",3390663.22,USD
TXN-F3-0032,2025-12-31,ACC-7303,Hartley Power Associates (Zhezkazgan compound),Digital media buy — search — Turkistan point,-302923.94,USD
TXN-G3-0031,2025-12-31,ACC-7403,Eastgate Cleaning Corp (Shymkent depot),"Executive payroll run — Turkistan point, period 03",-1300283.38,EUR
TXN-S2-0010,2026-01-05,ACC-7002,Caspian Ports Authority JSC,Cement export sales settlement — January 2026 shipment,617743.11,USD
